user_id,item_id,event_type,ts
73f0d97a-ea38-490e-8a4d-c76b5ca54552,68ba0fdda97aed5b97de45af,product_click,2025-10-01 23:36:59.894000+00:00
73f0d97a-ea38-490e-8a4d-c76b5ca54552,68c34759a97aed5b97c4ce1d,product_click,2025-10-01 23:37:17.362000+00:00
73f0d97a-ea38-490e-8a4d-c76b5ca54552,68c34759a97aed5b97c4ce1d,product_click,2025-10-01 23:37:59.490000+00:00
886496c6-21b3-41f5-8d01-65903ae82ed3,6621cf08e8bcdaefb99472f7,product_click,2025-10-02 01:02:59.251000+00:00
337e3236-4bfd-4a25-bc10-b2ba64fcbb8a,686c238aa5788bba6234f488,product_click,2025-10-02 02:50:59.162000+00:00
9c72bb01-ac82-4234-8f43-edf682b58da7,665a6649fc11a2f59dbd7330,product_click,2025-10-02 06:43:26.949000+00:00
9c72bb01-ac82-4234-8f43-edf682b58da7,675a6858b5466f0fa0aefcf3,product_click,2025-10-02 06:43:51.253000+00:00
c7563214-5db6-4bc7-b92a-c5ad1ce93d59,68631a4235410b6826a02dcf,save,2025-10-02 14:55:55.702000+00:00
c7563214-5db6-4bc7-b92a-c5ad1ce93d59,68631a4235410b6826a02dcf,product_click,2025-10-02 14:55:56.656000+00:00
c7563214-5db6-4bc7-b92a-c5ad1ce93d59,6621be25f3d3c804c9d1eeec,product_click,2025-10-02 14:56:27.452000+00:00
d4252286-782a-468e-bef3-8adebb33fed3,669627bc212e9bfa0fddf2a6,product_click,2025-10-02 14:56:37.822000+00:00
c7563214-5db6-4bc7-b92a-c5ad1ce93d59,67b56086bb99c14432b6c953,product_click,2025-10-02 14:57:30.552000+00:00
c7563214-5db6-4bc7-b92a-c5ad1ce93d59,68ddb7d4bbfb67359ee31a8d,save,2025-10-02 14:58:01.582000+00:00
c7563214-5db6-4bc7-b92a-c5ad1ce93d59,67254e217dda6f1df5b72565,save,2025-10-02 15:39:58.023000+00:00
c7563214-5db6-4bc7-b92a-c5ad1ce93d59,67254e217dda6f1df5b72565,product_click,2025-10-02 15:39:59.826000+00:00
c7563214-5db6-4bc7-b92a-c5ad1ce93d59,6737549758d13f1a29f84891,product_click,2025-10-02 15:40:11.987000+00:00
c4d5c35b-1252-4c3f-bf1b-9588aa695e5c,685c6bad35410b68264e10f2,product_click,2025-10-02 16:15:07.249000+00:00
c4d5c35b-1252-4c3f-bf1b-9588aa695e5c,684b5b14d8383c34e0a7f978,save,2025-10-02 16:16:32.144000+00:00
c4d5c35b-1252-4c3f-bf1b-9588aa695e5c,684b5b14d8383c34e0a7f978,save,2025-10-02 16:16:40.744000+00:00
c4d5c35b-1252-4c3f-bf1b-9588aa695e5c,672bdaee7dda6f1df5dd99c1,save,2025-10-02 16:16:47.043000+00:00
c4d5c35b-1252-4c3f-bf1b-9588aa695e5c,672bdaee7dda6f1df5dd99c1,save,2025-10-02 16:16:51.655000+00:00
c4d5c35b-1252-4c3f-bf1b-9588aa695e5c,66eabc2f0ea5be7622ff239f,save,2025-10-02 16:17:11.652000+00:00
c4d5c35b-1252-4c3f-bf1b-9588aa695e5c,66eabc2f0ea5be7622ff239f,save,2025-10-02 16:17:13.861000+00:00
c4d5c35b-1252-4c3f-bf1b-9588aa695e5c,67896b09eaac55079b6cf5c3,save,2025-10-02 16:17:34.977000+00:00
c4d5c35b-1252-4c3f-bf1b-9588aa695e5c,67896b09eaac55079b6cf5c3,save,2025-10-02 16:17:37.562000+00:00
c4d5c35b-1252-4c3f-bf1b-9588aa695e5c,68a7b989f4b7876be9303bee,save,2025-10-02 16:19:29.796000+00:00
c4d5c35b-1252-4c3f-bf1b-9588aa695e5c,68a7b989f4b7876be9303bee,save,2025-10-02 16:19:32.165000+00:00
c4d5c35b-1252-4c3f-bf1b-9588aa695e5c,6895b42bb559e26af72d7937,save,2025-10-02 16:19:55.822000+00:00
c4d5c35b-1252-4c3f-bf1b-9588aa695e5c,6895b42bb559e26af72d7937,save,2025-10-02 16:19:58.022000+00:00
c4d5c35b-1252-4c3f-bf1b-9588aa695e5c,68cc92c53809f085bbeb5dda,save,2025-10-02 16:20:10.347000+00:00
c4d5c35b-1252-4c3f-bf1b-9588aa695e5c,68cc92c53809f085bbeb5dda,save,2025-10-02 16:20:13.354000+00:00
c4d5c35b-1252-4c3f-bf1b-9588aa695e5c,68cc92c53809f085bbeb5dda,product_click,2025-10-02 16:20:14.312000+00:00
c4d5c35b-1252-4c3f-bf1b-9588aa695e5c,68cc92c53809f085bbeb5dda,buy_click,2025-10-02 16:20:17.275000+00:00
c4d5c35b-1252-4c3f-bf1b-9588aa695e5c,667e7572aaa25f2007dafc4f,save,2025-10-02 16:20:29.365000+00:00
c4d5c35b-1252-4c3f-bf1b-9588aa695e5c,667e7572aaa25f2007dafc4f,save,2025-10-02 16:20:31.414000+00:00
c4d5c35b-1252-4c3f-bf1b-9588aa695e5c,68927a4cb559e26af77a2437,save,2025-10-02 16:20:43.720000+00:00
c4d5c35b-1252-4c3f-bf1b-9588aa695e5c,68927a4cb559e26af77a2437,save,2025-10-02 16:20:46.385000+00:00
c4d5c35b-1252-4c3f-bf1b-9588aa695e5c,68927a4cb559e26af77a2437,product_click,2025-10-02 16:21:13.073000+00:00
c4d5c35b-1252-4c3f-bf1b-9588aa695e5c,68927a4cb559e26af77a2437,buy_click,2025-10-02 16:21:15.486000+00:00
687b4ca5-a99e-4615-9bc6-47b5235897c2,67579950b5466f0fa038c528,product_click,2025-10-02 21:00:03.482000+00:00
01899331-38b2-4d3e-9641-c547d202ba0f,6705755ad4a26ba4525614fa,product_click,2025-10-02 21:27:17.244000+00:00
01899331-38b2-4d3e-9641-c547d202ba0f,6895a512b559e26af728b1c5,product_click,2025-10-02 21:31:10.530000+00:00
01899331-38b2-4d3e-9641-c547d202ba0f,672a8c077dda6f1df5a3132c,product_click,2025-10-02 21:32:40.523000+00:00
01899331-38b2-4d3e-9641-c547d202ba0f,6621bed0f3d3c804c9d1ef48,product_click,2025-10-02 21:32:59.810000+00:00
01899331-38b2-4d3e-9641-c547d202ba0f,6704f019d4a26ba45246096a,product_click,2025-10-02 21:33:37.971000+00:00
01899331-38b2-4d3e-9641-c547d202ba0f,666fe3168111b80c320151cd,product_click,2025-10-02 21:34:22.923000+00:00
01899331-38b2-4d3e-9641-c547d202ba0f,6759111bb5466f0fa0766104,product_click,2025-10-02 21:35:54.005000+00:00
01899331-38b2-4d3e-9641-c547d202ba0f,681d28b1de7b620e51a2bb37,product_click,2025-10-02 21:37:08.408000+00:00
01899331-38b2-4d3e-9641-c547d202ba0f,6830f3f74ae7b1770410711e,product_click,2025-10-02 21:37:37.541000+00:00
01899331-38b2-4d3e-9641-c547d202ba0f,6704f019d4a26ba45246096a,product_click,2025-10-02 21:38:44.080000+00:00
01899331-38b2-4d3e-9641-c547d202ba0f,685342c235410b68268945b0,product_click,2025-10-02 21:38:57.985000+00:00
01899331-38b2-4d3e-9641-c547d202ba0f,67cb857a5c6a6be685addd55,product_click,2025-10-02 21:40:20.146000+00:00
01899331-38b2-4d3e-9641-c547d202ba0f,6621c760e8bcdaefb9946eae,product_click,2025-10-02 21:40:35.766000+00:00
01899331-38b2-4d3e-9641-c547d202ba0f,667a72ba31072600d7c529b7,product_click,2025-10-02 21:40:45.798000+00:00
01899331-38b2-4d3e-9641-c547d202ba0f,6621b999f3d3c804c9d1ec73,product_click,2025-10-02 21:42:40.927000+00:00
01899331-38b2-4d3e-9641-c547d202ba0f,685f1d6e35410b6826d593c3,product_click,2025-10-02 21:52:01.221000+00:00
4d81d4bc-a1c2-4485-b66c-eedb4ec83b24,66d8511e0ea5be76229fc057,product_click,2025-10-03 00:09:42.984000+00:00
89c4898a-e31a-4ad3-bcf5-58ca64efa8fa,6621cfe0e8bcdaefb9947373,product_click,2025-10-03 01:19:54.170000+00:00
8cf52a8d-0a21-415b-bde1-9f63d5cb7ca6,68df0cc7bbfb67359e30f574,product_click,2025-10-03 01:27:54.258000+00:00
8cf52a8d-0a21-415b-bde1-9f63d5cb7ca6,68df0cc7bbfb67359e30f574,product_click,2025-10-03 01:28:22.585000+00:00
9be3dc07-cde1-4a91-957d-bc95e578bca7,67896b96eaac55079b6d07d8,product_click,2025-10-03 01:31:05.011000+00:00
9be3dc07-cde1-4a91-957d-bc95e578bca7,68df0cc7bbfb67359e30f574,product_click,2025-10-03 01:32:40.176000+00:00
cfb7f1c4-bd15-4e11-9dda-3ca5f81c1198,68756855a5788bba62083ff4,product_click,2025-10-03 01:37:37.089000+00:00
cfb7f1c4-bd15-4e11-9dda-3ca5f81c1198,6648433a16f50168ab308b6c,product_click,2025-10-03 01:40:08.556000+00:00
383b5a1f-73ff-40f7-afb2-da941d6fd73b,6705486ad4a26ba45250fdd9,product_click,2025-10-03 02:38:33.102000+00:00
383b5a1f-73ff-40f7-afb2-da941d6fd73b,66e027fc0ea5be7622a0dc87,product_click,2025-10-03 02:45:53.340000+00:00
eee86b34-7344-4245-a7a5-0ae08196a606,6683c246562c84fac9cd0643,save,2025-10-03 02:46:26.833000+00:00
eee86b34-7344-4245-a7a5-0ae08196a606,6621cd62e8bcdaefb9947207,product_click,2025-10-03 02:47:44.397000+00:00
eee86b34-7344-4245-a7a5-0ae08196a606,6704c9d8d4a26ba45241c656,save,2025-10-03 02:56:25.563000+00:00
d210aa11-6167-4fd6-b32a-22abeeb9086a,6855c94435410b682602de39,product_click,2025-10-03 03:26:11.784000+00:00
cfb7f1c4-bd15-4e11-9dda-3ca5f81c1198,68d47067bbfb67359ee4f1d4,product_click,2025-10-03 03:37:35.462000+00:00
cfb7f1c4-bd15-4e11-9dda-3ca5f81c1198,6775d94ab5466f0fa0eefcca,product_click,2025-10-03 03:37:57.970000+00:00
cfb7f1c4-bd15-4e11-9dda-3ca5f81c1198,6704d5a0d4a26ba4524322bb,product_click,2025-10-03 03:38:25.408000+00:00
d210aa11-6167-4fd6-b32a-22abeeb9086a,6748ccd0b5466f0fa07d6e11,product_click,2025-10-03 03:41:15.450000+00:00
d210aa11-6167-4fd6-b32a-22abeeb9086a,6748ccd0b5466f0fa07d6e11,save,2025-10-03 03:41:55.642000+00:00
09256538-262d-4638-855c-2269e6329134,67cb910c5c6a6be685b1c7e1,product_click,2025-10-03 03:42:01.670000+00:00
09256538-262d-4638-855c-2269e6329134,6785b38f0aa4adf5376c0f44,product_click,2025-10-03 03:45:09.196000+00:00
d210aa11-6167-4fd6-b32a-22abeeb9086a,68d1cf0dbbfb67359e53c2c3,product_click,2025-10-03 03:45:17.246000+00:00
09256538-262d-4638-855c-2269e6329134,67cb910c5c6a6be685b1c7e1,buy_click,2025-10-03 03:51:04.768000+00:00
d210aa11-6167-4fd6-b32a-22abeeb9086a,68cc86003809f085bbe6afc7,product_click,2025-10-03 04:07:51.151000+00:00
1808e303-1d90-469f-8f87-d68ca233ef39,6621b5dbf2067226ce754b0d,product_click,2025-10-03 12:21:13.852000+00:00
89f69aaf-38d5-43a6-8864-2641cf1060b9,67374cf258d13f1a29f7623b,product_click,2025-10-03 15:37:34.693000+00:00
62fb0486-9b55-474e-94b1-9b785ff8cb12,675cc3a7b5466f0fa01d8032,product_click,2025-10-03 17:07:39.996000+00:00
62fb0486-9b55-474e-94b1-9b785ff8cb12,675cc3a7b5466f0fa01d8032,buy_click,2025-10-03 17:07:49.990000+00:00
62fb0486-9b55-474e-94b1-9b785ff8cb12,6621bec6f3d3c804c9d1ef43,product_click,2025-10-03 17:08:21.214000+00:00
62fb0486-9b55-474e-94b1-9b785ff8cb12,674eb6c1b5466f0fa08aafa2,product_click,2025-10-03 17:10:53.004000+00:00
fd8e15da-4dfc-4176-abf9-0ce331128520,67373fc858d13f1a29f5d19a,product_click,2025-10-03 19:52:57.883000+00:00
89c4898a-e31a-4ad3-bcf5-58ca64efa8fa,683e25f24ae7b17704ece558,product_click,2025-10-03 20:00:04.200000+00:00
47c0db7e-63bc-4561-b3b2-59c8d7d5748a,675cc3a7b5466f0fa01d8032,product_click,2025-10-03 21:16:10.245000+00:00
f3a189fe-075d-487f-bc66-3907e93fb5be,68819318681d8584dde6ec4d,product_click,2025-10-03 22:02:10.175000+00:00
f3a189fe-075d-487f-bc66-3907e93fb5be,68819318681d8584dde6ec4d,buy_click,2025-10-03 22:02:41.240000+00:00
f3a189fe-075d-487f-bc66-3907e93fb5be,670eee90b4067380d0508718,product_click,2025-10-03 22:05:20.560000+00:00
f3a189fe-075d-487f-bc66-3907e93fb5be,66f578f2f04792353f3a1b80,product_click,2025-10-03 22:05:47.298000+00:00
3a74f9ce-f5fe-4322-989d-1e73e98298d0,689be147ea41f2c138a12a55,product_click,2025-10-03 23:57:49.859000+00:00
3a74f9ce-f5fe-4322-989d-1e73e98298d0,689be147ea41f2c138a12a55,product_click,2025-10-03 23:57:59.944000+00:00
233c549f-d95e-42ba-80be-869f91775112,676b5edfb5466f0fa0e61a6e,product_click,2025-10-04 00:18:37.959000+00:00
233c549f-d95e-42ba-80be-869f91775112,670a5100b4067380d093674d,product_click,2025-10-04 00:18:57.921000+00:00
233c549f-d95e-42ba-80be-869f91775112,68df0dbcbbfb67359e31214b,product_click,2025-10-04 00:19:49.039000+00:00
233c549f-d95e-42ba-80be-869f91775112,6621c1e4f3d3c804c9d1f0e5,product_click,2025-10-04 00:20:48.645000+00:00
233c549f-d95e-42ba-80be-869f91775112,67cba1fc5c6a6be685b43045,product_click,2025-10-04 00:23:19.060000+00:00
233c549f-d95e-42ba-80be-869f91775112,68d1d8f0bbfb67359e56fe19,product_click,2025-10-04 00:23:32.862000+00:00
7be3bd1a-53df-40c6-b939-ec1ce93b4e86,673e50bd58d13f1a29263ef4,product_click,2025-10-04 01:14:06.857000+00:00
7be3bd1a-53df-40c6-b939-ec1ce93b4e86,6725510e7dda6f1df5b78860,product_click,2025-10-04 01:14:21.345000+00:00
f54024fe-3362-45a0-85f7-a038bd02dfbc,688aa0a427988a3a44f6118a,product_click,2025-10-04 01:39:43.542000+00:00
dacbc21d-935d-4b8c-af4f-5c2e7ecce9e0,679d2536b95336b784abe39c,product_click,2025-10-04 01:48:13.099000+00:00
c1948333-a43b-4dae-b30e-04c632ecd420,67048747d4a26ba45239dd0f,product_click,2025-10-04 02:23:51.682000+00:00
d210aa11-6167-4fd6-b32a-22abeeb9086a,6748ccd0b5466f0fa07d6e11,product_click,2025-10-04 03:14:43.307000+00:00
d210aa11-6167-4fd6-b32a-22abeeb9086a,6748ccd0b5466f0fa07d6e11,buy_click,2025-10-04 03:15:53.964000+00:00
563ee9ed-793d-4783-8e3c-22baada5fb34,67b56990bb99c14432b8c1bc,product_click,2025-10-04 15:40:20.139000+00:00
563ee9ed-793d-4783-8e3c-22baada5fb34,665a5701fc11a2f59d61fc86,product_click,2025-10-04 15:41:08.749000+00:00
ee96f055-5846-4634-94d0-577ca6178672,6711b5b5b4067380d0c97417,product_click,2025-10-04 17:35:45.375000+00:00
ee96f055-5846-4634-94d0-577ca6178672,6621c9b8e8bcdaefb9946fff,product_click,2025-10-04 17:37:37.863000+00:00
50cc3929-7d1b-4eab-ab3b-b6ab279afae0,6621ba5ef3d3c804c9d1ecdf,product_click,2025-10-04 17:40:11.463000+00:00
50cc3929-7d1b-4eab-ab3b-b6ab279afae0,68c0b785a97aed5b973dc3ea,product_click,2025-10-04 17:41:03.437000+00:00
50cc3929-7d1b-4eab-ab3b-b6ab279afae0,66850ce0562c84fac9dc0746,product_click,2025-10-04 17:41:38.476000+00:00
ee96f055-5846-4634-94d0-577ca6178672,68a90757f4b7876be9784ed4,product_click,2025-10-04 17:43:46.116000+00:00
50cc3929-7d1b-4eab-ab3b-b6ab279afae0,67048ed8d4a26ba4523b0074,product_click,2025-10-04 17:43:46.186000+00:00
50cc3929-7d1b-4eab-ab3b-b6ab279afae0,680bee6e01e35ba72aba08fe,product_click,2025-10-04 17:43:59.783000+00:00
50cc3929-7d1b-4eab-ab3b-b6ab279afae0,6853574735410b68268ea84c,product_click,2025-10-04 17:44:41.253000+00:00
ee96f055-5846-4634-94d0-577ca6178672,68912e7eb559e26af7379f69,product_click,2025-10-04 17:47:19.635000+00:00
50cc3929-7d1b-4eab-ab3b-b6ab279afae0,68c0b785a97aed5b973dc3ea,product_click,2025-10-04 17:47:53.225000+00:00
ee96f055-5846-4634-94d0-577ca6178672,68894d4827988a3a44abcf27,product_click,2025-10-04 17:48:25.123000+00:00
ee96f055-5846-4634-94d0-577ca6178672,667139e48111b80c32bd6551,product_click,2025-10-04 17:48:36.704000+00:00
ee96f055-5846-4634-94d0-577ca6178672,679d38ceb95336b784ae8de7,product_click,2025-10-04 17:49:32.738000+00:00
ee96f055-5846-4634-94d0-577ca6178672,67538604b5466f0fa079be3f,product_click,2025-10-04 17:49:51.414000+00:00
50cc3929-7d1b-4eab-ab3b-b6ab279afae0,6621c036f3d3c804c9d1f007,product_click,2025-10-04 17:50:07.686000+00:00
50cc3929-7d1b-4eab-ab3b-b6ab279afae0,6621d026e8bcdaefb9947397,product_click,2025-10-04 17:50:20.325000+00:00
ee96f055-5846-4634-94d0-577ca6178672,674622a3b5466f0fa00f9d41,product_click,2025-10-04 17:51:55.484000+00:00
ee96f055-5846-4634-94d0-577ca6178672,674622a3b5466f0fa00f9d41,product_click,2025-10-04 17:51:55.952000+00:00
50cc3929-7d1b-4eab-ab3b-b6ab279afae0,68c0b785a97aed5b973dc3ea,product_click,2025-10-04 17:53:00.560000+00:00
50cc3929-7d1b-4eab-ab3b-b6ab279afae0,668f84d179523d8274fc8ee0,product_click,2025-10-04 17:53:07.289000+00:00
ee96f055-5846-4634-94d0-577ca6178672,6621c7c6e8bcdaefb9946ee7,product_click,2025-10-04 17:53:32.313000+00:00
50cc3929-7d1b-4eab-ab3b-b6ab279afae0,668f85fe79523d8274010b7b,product_click,2025-10-04 17:53:35.969000+00:00
50cc3929-7d1b-4eab-ab3b-b6ab279afae0,6853540a35410b68268dfea9,product_click,2025-10-04 18:04:26.444000+00:00
50cc3929-7d1b-4eab-ab3b-b6ab279afae0,6621c036f3d3c804c9d1f007,product_click,2025-10-04 18:04:36.704000+00:00
50cc3929-7d1b-4eab-ab3b-b6ab279afae0,67637720b5466f0fa06dcf20,product_click,2025-10-04 18:04:52.434000+00:00
50cc3929-7d1b-4eab-ab3b-b6ab279afae0,67c7967f5c6a6be685e923e7,product_click,2025-10-04 18:05:21.880000+00:00
ec50cb81-c907-457b-acad-05cf279ad66b,67b55a20bb99c14432b5dbda,product_click,2025-10-04 18:17:27.826000+00:00
ec50cb81-c907-457b-acad-05cf279ad66b,6621ceece8bcdaefb99472e7,product_click,2025-10-04 18:17:52.751000+00:00
ec50cb81-c907-457b-acad-05cf279ad66b,6621ceece8bcdaefb99472e7,buy_click,2025-10-04 18:19:44.597000+00:00
05a9bf27-bcef-49fe-8083-cd74323db7eb,6895b42bb559e26af72d7937,product_click,2025-10-04 18:22:48.304000+00:00
99787214-f51f-4af2-b158-c8aac325b3f9,6751728db5466f0fa01487c3,product_click,2025-10-04 18:53:09.862000+00:00
99787214-f51f-4af2-b158-c8aac325b3f9,6621bf60f3d3c804c9d1ef96,product_click,2025-10-04 18:54:47.932000+00:00
99787214-f51f-4af2-b158-c8aac325b3f9,66a9e2672db8a68331ad7ac3,product_click,2025-10-04 18:55:09.941000+00:00
99787214-f51f-4af2-b158-c8aac325b3f9,683f5fce4ae7b177042609fe,product_click,2025-10-04 18:55:25.945000+00:00
99787214-f51f-4af2-b158-c8aac325b3f9,68c34759a97aed5b97c4ce1d,product_click,2025-10-04 18:57:35.815000+00:00
99787214-f51f-4af2-b158-c8aac325b3f9,68ddb710bbfb67359ee2f9e0,product_click,2025-10-04 18:59:37.828000+00:00
99787214-f51f-4af2-b158-c8aac325b3f9,688946e027988a3a44aa1009,product_click,2025-10-04 19:04:08.047000+00:00
99787214-f51f-4af2-b158-c8aac325b3f9,6621b089f2067226ce7547ec,save,2025-10-04 19:16:15.862000+00:00
99787214-f51f-4af2-b158-c8aac325b3f9,683f5fce4ae7b177042609fe,save,2025-10-04 19:16:41.992000+00:00
99787214-f51f-4af2-b158-c8aac325b3f9,66672bd94ff502d05e2d04f7,save,2025-10-04 19:16:57.600000+00:00
99787214-f51f-4af2-b158-c8aac325b3f9,688946e027988a3a44aa1009,save,2025-10-04 19:18:04.164000+00:00
99787214-f51f-4af2-b158-c8aac325b3f9,66a9e4f92db8a68331b90db3,save,2025-10-04 19:18:26.932000+00:00
99787214-f51f-4af2-b158-c8aac325b3f9,6621bf83f3d3c804c9d1efa9,save,2025-10-04 19:18:35.338000+00:00
99787214-f51f-4af2-b158-c8aac325b3f9,685dd6e735410b68269940d5,save,2025-10-04 19:19:06.315000+00:00
99787214-f51f-4af2-b158-c8aac325b3f9,685dd6e735410b68269940d5,product_click,2025-10-04 19:19:06.776000+00:00
12cd4a1c-7013-4ca3-a7a1-26a77b54c730,688aa03627988a3a44f5fb16,product_click,2025-10-04 21:11:57.243000+00:00
c8fa8524-800e-4799-92a7-db2bf401ec4c,689fb060ea41f2c13871fc54,save,2025-10-04 22:35:46.198000+00:00
c8fa8524-800e-4799-92a7-db2bf401ec4c,68cc7a803809f085bbe1a217,product_click,2025-10-04 22:35:54.707000+00:00
c8fa8524-800e-4799-92a7-db2bf401ec4c,6760fc88b5466f0fa0f879ef,save,2025-10-04 22:37:18.668000+00:00
c8fa8524-800e-4799-92a7-db2bf401ec4c,6748c5beb5466f0fa07c8ba6,save,2025-10-04 22:38:02.664000+00:00
c8fa8524-800e-4799-92a7-db2bf401ec4c,66fc06fbf04792353f4db39a,save,2025-10-04 22:38:07.962000+00:00
c8fa8524-800e-4799-92a7-db2bf401ec4c,68cdda1d3809f085bb32c98f,product_click,2025-10-04 22:49:24.109000+00:00
c8fa8524-800e-4799-92a7-db2bf401ec4c,6621d201e8bcdaefb9947491,product_click,2025-10-04 22:49:56.540000+00:00
50802117-ca08-4cb2-8db7-d53152913239,67722236b5466f0fa033c413,product_click,2025-10-04 23:34:04.807000+00:00
f7b91aca-a179-4366-8513-1c8c3560985b,685a0fcd35410b6826db434f,product_click,2025-10-05 00:32:53.153000+00:00
c1147493-6315-467f-938c-3226697386da,67cba1a25c6a6be685b42416,product_click,2025-10-05 01:27:05.901000+00:00
c1147493-6315-467f-938c-3226697386da,67cba1a25c6a6be685b42416,product_click,2025-10-05 01:27:53.271000+00:00
c1147493-6315-467f-938c-3226697386da,67cba1a25c6a6be685b42416,buy_click,2025-10-05 01:29:09.344000+00:00
6b4eae75-a491-4cc0-9b28-3be862f560ad,67053018d4a26ba4524d1437,product_click,2025-10-05 01:45:54.571000+00:00
6b4eae75-a491-4cc0-9b28-3be862f560ad,675bb471b5466f0fa0ebdc94,product_click,2025-10-05 03:11:56.415000+00:00
efd7e970-cace-449c-96f4-3325f50f2e9c,68a64d0bf4b7876be9e21c4c,product_click,2025-10-05 03:45:20.189000+00:00
01899331-38b2-4d3e-9641-c547d202ba0f,68df09d2bbfb67359e30796b,product_click,2025-10-05 04:06:28.548000+00:00
01899331-38b2-4d3e-9641-c547d202ba0f,666fe3168111b80c320151cd,product_click,2025-10-05 04:07:54.447000+00:00
b0de4935-16a0-4163-af74-cd826d2844d3,685a181735410b6826dcebbe,product_click,2025-10-05 14:50:58.247000+00:00
b0de4935-16a0-4163-af74-cd826d2844d3,68af9d22a97aed5b979cb957,product_click,2025-10-05 14:51:30.092000+00:00
b0de4935-16a0-4163-af74-cd826d2844d3,68d45fbdbbfb67359edea8d0,product_click,2025-10-05 14:51:55.845000+00:00
b0de4935-16a0-4163-af74-cd826d2844d3,68719ebca5788bba62521046,product_click,2025-10-05 14:53:07.474000+00:00
b0de4935-16a0-4163-af74-cd826d2844d3,68c1facaa97aed5b977f1f6e,product_click,2025-10-05 14:53:28.391000+00:00
b0de4935-16a0-4163-af74-cd826d2844d3,68913055b559e26af737f527,product_click,2025-10-05 14:53:35.925000+00:00
b0de4935-16a0-4163-af74-cd826d2844d3,68df0bd3bbfb67359e30c8c5,product_click,2025-10-05 14:54:13.968000+00:00
b0de4935-16a0-4163-af74-cd826d2844d3,6889509827988a3a44ad2273,product_click,2025-10-05 14:54:25.577000+00:00
b0de4935-16a0-4163-af74-cd826d2844d3,688aa47c27988a3a44f78551,product_click,2025-10-05 14:54:42.812000+00:00
c1147493-6315-467f-938c-3226697386da,67cba1a25c6a6be685b42416,buy_click,2025-10-05 16:51:04.112000+00:00
103a66b0-e6ee-4e62-80db-b225636292a4,68defe6dbbfb67359e2a899f,product_click,2025-10-05 21:16:46.043000+00:00
103a66b0-e6ee-4e62-80db-b225636292a4,68defe6dbbfb67359e2a899f,save,2025-10-05 21:16:55.490000+00:00
103a66b0-e6ee-4e62-80db-b225636292a4,68defe6dbbfb67359e2a899f,product_click,2025-10-05 21:20:10.704000+00:00
03aaa73c-f35f-4597-9e2c-fda21471cb9a,6737461f58d13f1a29f69373,product_click,2025-10-05 23:27:07.394000+00:00
7be3bd1a-53df-40c6-b939-ec1ce93b4e86,67722236b5466f0fa033c413,product_click,2025-10-05 23:57:44.471000+00:00
978d8ef3-f326-4774-a510-7a800a386e55,6849f336d8383c34e05c64bb,product_click,2025-10-06 00:03:00.251000+00:00
9bf02c72-03c8-4955-ad77-e68ef0a4e4db,6704f85ad4a26ba45246fcd5,product_click,2025-10-06 01:05:30.812000+00:00
0c553a14-c568-4192-92fa-6b61e2d88ea9,68ddc920bbfb67359ee64276,product_click,2025-10-06 01:40:40.646000+00:00
92cdbebd-e598-4692-8eae-7a066f2c878f,68533e1235410b682687175a,product_click,2025-10-06 02:23:25.407000+00:00
92cdbebd-e598-4692-8eae-7a066f2c878f,68533e1235410b682687175a,buy_click,2025-10-06 02:23:33.243000+00:00
08ef2090-95d5-4078-85e9-cefb3dd7cbc0,673f855f58d13f1a295e4fa8,product_click,2025-10-06 02:25:49.678000+00:00
08ef2090-95d5-4078-85e9-cefb3dd7cbc0,673f855f58d13f1a295e4fa8,buy_click,2025-10-06 02:26:18.771000+00:00
6b4eae75-a491-4cc0-9b28-3be862f560ad,67057789d4a26ba452565be4,product_click,2025-10-06 05:01:22.862000+00:00
0aab2a53-2317-4121-aa03-cd99d1afff03,6704bd86d4a26ba4524068ac,product_click,2025-10-06 06:09:39.707000+00:00
0aab2a53-2317-4121-aa03-cd99d1afff03,68703879a5788bba6208d473,product_click,2025-10-06 06:09:54.077000+00:00
336e890d-4a0c-4db4-a733-eec5e64c8639,66fc0c15f04792353f4e72f8,product_click,2025-10-06 10:43:37.265000+00:00
397539d0-9d58-486f-8801-b2bf1c27b710,681a76abde7b620e510035a4,product_click,2025-10-06 13:43:23.840000+00:00
397539d0-9d58-486f-8801-b2bf1c27b710,681a76abde7b620e510035a4,buy_click,2025-10-06 13:43:27.181000+00:00
0cf564d9-ca83-4b9f-baab-dc6ac7af919f,67048986d4a26ba4523a5fdf,product_click,2025-10-06 14:04:03.148000+00:00
fd8a24db-927f-4371-9c6a-c4e5253a4b5e,67539f86b5466f0fa07d5f58,product_click,2025-10-06 14:55:49.457000+00:00
941f6583-b5db-445b-ac4a-4d6a0897318d,67051c14d4a26ba4524ae770,product_click,2025-10-06 15:17:44.315000+00:00
6661d87c-3adc-4bc9-8895-0b16dcabb386,68b0ce22a97aed5b97dcc98c,product_click,2025-10-06 16:50:20.437000+00:00
6661d87c-3adc-4bc9-8895-0b16dcabb386,68c1fed2a97aed5b977fffa9,product_click,2025-10-06 16:51:22.482000+00:00
63a735a1-f3fb-4873-b19e-e82e9aea1823,6621bd65f3d3c804c9d1ee88,product_click,2025-10-06 18:18:17.130000+00:00
63a735a1-f3fb-4873-b19e-e82e9aea1823,68e0498ebbfb67359e75b4ee,product_click,2025-10-06 18:23:38.376000+00:00
63a735a1-f3fb-4873-b19e-e82e9aea1823,673756e758d13f1a29f88e92,product_click,2025-10-06 18:31:22.412000+00:00
63a735a1-f3fb-4873-b19e-e82e9aea1823,67181585b4067380d00ba7ae,product_click,2025-10-06 18:39:19.013000+00:00
86e4c860-427f-4bd2-8744-ad52efd278b2,6889509827988a3a44ad2273,product_click,2025-10-06 18:40:40.096000+00:00
86e4c860-427f-4bd2-8744-ad52efd278b2,68d70bbabbfb67359e738508,product_click,2025-10-06 18:41:31.351000+00:00
86e4c860-427f-4bd2-8744-ad52efd278b2,68d70bbabbfb67359e738508,save,2025-10-06 18:41:42.110000+00:00
86e4c860-427f-4bd2-8744-ad52efd278b2,679bde70b95336b7847f71c9,product_click,2025-10-06 18:42:44.031000+00:00
95488e2b-8410-4a31-aa85-f55819a0a786,6895aa5bb559e26af72b014d,product_click,2025-10-06 18:55:14.001000+00:00
86e4c860-427f-4bd2-8744-ad52efd278b2,68d70bbabbfb67359e738508,product_click,2025-10-06 19:09:21.041000+00:00
86e4c860-427f-4bd2-8744-ad52efd278b2,689e6409ea41f2c1382b06ee,save,2025-10-06 19:11:02.207000+00:00
86e4c860-427f-4bd2-8744-ad52efd278b2,6895b9fab559e26af72e4c81,save,2025-10-06 19:11:10.704000+00:00
86e4c860-427f-4bd2-8744-ad52efd278b2,689e6409ea41f2c1382b06ee,product_click,2025-10-06 19:12:24.513000+00:00
86e4c860-427f-4bd2-8744-ad52efd278b2,68d45fbdbbfb67359edea8d0,product_click,2025-10-06 19:18:24.243000+00:00
86e4c860-427f-4bd2-8744-ad52efd278b2,68d45fbdbbfb67359edea8d0,save,2025-10-06 19:18:29.695000+00:00
86e4c860-427f-4bd2-8744-ad52efd278b2,6809531301e35ba72a2b4284,product_click,2025-10-06 19:18:35.591000+00:00
86e4c860-427f-4bd2-8744-ad52efd278b2,6809531301e35ba72a2b4284,save,2025-10-06 19:18:45.154000+00:00
86e4c860-427f-4bd2-8744-ad52efd278b2,68cdc5223809f085bb29f11c,save,2025-10-06 19:18:58.403000+00:00
86e4c860-427f-4bd2-8744-ad52efd278b2,68c0a6dea97aed5b97378036,save,2025-10-06 19:19:00.073000+00:00
86e4c860-427f-4bd2-8744-ad52efd278b2,6895b943b559e26af72e3165,save,2025-10-06 19:19:27.529000+00:00
86e4c860-427f-4bd2-8744-ad52efd278b2,674eabb1b5466f0fa087099f,product_click,2025-10-06 19:20:22.054000+00:00
86e4c860-427f-4bd2-8744-ad52efd278b2,674eabb1b5466f0fa087099f,save,2025-10-06 19:20:31.675000+00:00
86e4c860-427f-4bd2-8744-ad52efd278b2,6756c0b3b5466f0fa0124bac,product_click,2025-10-06 19:22:15.777000+00:00
86e4c860-427f-4bd2-8744-ad52efd278b2,6895b943b559e26af72e3165,product_click,2025-10-06 19:24:34.675000+00:00
86e4c860-427f-4bd2-8744-ad52efd278b2,6895b9fab559e26af72e4c81,product_click,2025-10-06 19:25:55.177000+00:00
86e4c860-427f-4bd2-8744-ad52efd278b2,66a9e5ce2db8a68331bbf636,product_click,2025-10-06 19:27:06.392000+00:00
86e4c860-427f-4bd2-8744-ad52efd278b2,6760fc88b5466f0fa0f879ef,product_click,2025-10-06 19:27:59.054000+00:00
86e4c860-427f-4bd2-8744-ad52efd278b2,6893f4d4b559e26af7d02aca,product_click,2025-10-06 19:28:44.014000+00:00
d57dfc24-0579-46c0-b9ac-b6dadbdc3566,68df0a5ebbfb67359e308ee6,product_click,2025-10-06 19:41:54.054000+00:00
1d72f92f-53b3-49fb-9fbc-a8b512f49c69,68def53dbbfb67359e27a6b9,product_click,2025-10-06 20:04:26.992000+00:00
3013ad0b-ff59-4bd7-95a8-0fbddd64e796,6883cec627988a3a44911ad2,product_click,2025-10-06 21:29:59.609000+00:00
3013ad0b-ff59-4bd7-95a8-0fbddd64e796,6621cc83e8bcdaefb994718b,product_click,2025-10-06 21:30:21.493000+00:00
997b08ce-5079-403a-9657-cd3e4c3b2290,6621cfe0e8bcdaefb9947373,product_click,2025-10-06 21:36:03.126000+00:00
997b08ce-5079-403a-9657-cd3e4c3b2290,67acb995bb99c144328c3771,product_click,2025-10-06 21:36:58.216000+00:00
997b08ce-5079-403a-9657-cd3e4c3b2290,679d34e0b95336b784ae0510,product_click,2025-10-06 21:40:29.329000+00:00
29f4c124-a880-446e-ad5d-dbacbc2731c3,679d3dbab95336b784af39d8,product_click,2025-10-06 21:41:53.367000+00:00
4ba0c306-af10-4d1f-8905-c7b50889e2d1,68d5aaa0bbfb67359e24afb0,product_click,2025-10-06 22:42:29.370000+00:00
4ba0c306-af10-4d1f-8905-c7b50889e2d1,6621ca49e8bcdaefb994704d,product_click,2025-10-06 22:43:04.933000+00:00
4ba0c306-af10-4d1f-8905-c7b50889e2d1,6621d201e8bcdaefb9947491,product_click,2025-10-06 22:50:10.994000+00:00
4ba0c306-af10-4d1f-8905-c7b50889e2d1,688aa35027988a3a44f6f10d,product_click,2025-10-06 22:55:01.028000+00:00
86e4c860-427f-4bd2-8744-ad52efd278b2,66e027fc0ea5be7622a0dc87,product_click,2025-10-07 00:07:50.644000+00:00
86e4c860-427f-4bd2-8744-ad52efd278b2,6809531301e35ba72a2b4284,product_click,2025-10-07 00:51:49.351000+00:00
1690a86e-38a3-4414-af54-ff4a9dfeb18e,670546c0d4a26ba45250cd75,save,2025-10-07 00:52:49.578000+00:00
1690a86e-38a3-4414-af54-ff4a9dfeb18e,6621ce23e8bcdaefb9947272,product_click,2025-10-07 00:53:18.766000+00:00
1690a86e-38a3-4414-af54-ff4a9dfeb18e,6621ce23e8bcdaefb9947272,save,2025-10-07 00:53:45.393000+00:00
1690a86e-38a3-4414-af54-ff4a9dfeb18e,687f9c8a681d8584dd85609f,product_click,2025-10-07 01:02:15.361000+00:00
1690a86e-38a3-4414-af54-ff4a9dfeb18e,670546c0d4a26ba45250cd75,product_click,2025-10-07 01:30:14.660000+00:00
1690a86e-38a3-4414-af54-ff4a9dfeb18e,6621c20cf3d3c804c9d1f0fc,product_click,2025-10-07 01:30:55.308000+00:00
1690a86e-38a3-4414-af54-ff4a9dfeb18e,6621ce23e8bcdaefb9947272,product_click,2025-10-07 01:54:12.659000+00:00
3168a8a9-c1c0-4bb9-b8f4-f1859de49fc2,674783e3b5466f0fa04c5606,product_click,2025-10-07 03:03:56.355000+00:00
3168a8a9-c1c0-4bb9-b8f4-f1859de49fc2,674783e3b5466f0fa04c5606,save,2025-10-07 03:04:26.374000+00:00
17cfaa97-c465-45ee-befc-a0e44fe213e3,6621c78de8bcdaefb9946ec7,product_click,2025-10-07 03:38:27.104000+00:00
17cfaa97-c465-45ee-befc-a0e44fe213e3,6621c734e8bcdaefb9946e95,product_click,2025-10-07 03:39:32.439000+00:00
17cfaa97-c465-45ee-befc-a0e44fe213e3,6621c734e8bcdaefb9946e95,save,2025-10-07 03:40:00.093000+00:00
17cfaa97-c465-45ee-befc-a0e44fe213e3,66483cf516f50168ab175878,product_click,2025-10-07 03:40:05.923000+00:00
17cfaa97-c465-45ee-befc-a0e44fe213e3,6621c78de8bcdaefb9946ec7,save,2025-10-07 03:40:26.934000+00:00
17cfaa97-c465-45ee-befc-a0e44fe213e3,67461fdfb5466f0fa00f4444,product_click,2025-10-07 03:41:04.945000+00:00
86e4c860-427f-4bd2-8744-ad52efd278b2,6621c7efe8bcdaefb9946efe,product_click,2025-10-07 03:42:36.030000+00:00
17cfaa97-c465-45ee-befc-a0e44fe213e3,68685c83a5788bba627c8840,product_click,2025-10-07 03:42:43.965000+00:00
17cfaa97-c465-45ee-befc-a0e44fe213e3,6838d3574ae7b17704ce8c27,product_click,2025-10-07 03:44:00.910000+00:00
17cfaa97-c465-45ee-befc-a0e44fe213e3,6838d3574ae7b17704ce8c27,save,2025-10-07 03:44:17.270000+00:00
17cfaa97-c465-45ee-befc-a0e44fe213e3,68b8d40ca97aed5b979fd5f6,product_click,2025-10-07 03:46:00.366000+00:00
17cfaa97-c465-45ee-befc-a0e44fe213e3,67048304d4a26ba452396849,product_click,2025-10-07 03:46:44.577000+00:00
86e4c860-427f-4bd2-8744-ad52efd278b2,6893f4d4b559e26af7d02aca,product_click,2025-10-07 03:46:52.863000+00:00
86e4c860-427f-4bd2-8744-ad52efd278b2,6893f4d4b559e26af7d02aca,save,2025-10-07 03:47:10.602000+00:00
17cfaa97-c465-45ee-befc-a0e44fe213e3,6621c8c9e8bcdaefb9946f79,product_click,2025-10-07 03:47:45.593000+00:00
17cfaa97-c465-45ee-befc-a0e44fe213e3,6753b055b5466f0fa07fda16,product_click,2025-10-07 03:48:19.390000+00:00
17cfaa97-c465-45ee-befc-a0e44fe213e3,682e3d6a4ae7b177046d129c,product_click,2025-10-07 03:48:59.794000+00:00
17cfaa97-c465-45ee-befc-a0e44fe213e3,671a7bc3b4067380d07f2f93,product_click,2025-10-07 03:49:24.777000+00:00
17cfaa97-c465-45ee-befc-a0e44fe213e3,671a7bc3b4067380d07f2f93,save,2025-10-07 03:49:44.523000+00:00
3c374015-b2bd-40c2-9dc0-460092946770,6704eff6d4a26ba4524605c0,save,2025-10-07 16:08:22.284000+00:00
3c374015-b2bd-40c2-9dc0-460092946770,6704eff6d4a26ba4524605c0,save,2025-10-07 16:08:25.094000+00:00
3c374015-b2bd-40c2-9dc0-460092946770,66fc06fbf04792353f4db39a,save,2025-10-07 16:09:49.830000+00:00
3c374015-b2bd-40c2-9dc0-460092946770,66fc06fbf04792353f4db39a,save,2025-10-07 16:09:52.083000+00:00
3c374015-b2bd-40c2-9dc0-460092946770,68895db327988a3a44b186ba,save,2025-10-07 16:10:03.362000+00:00
3c374015-b2bd-40c2-9dc0-460092946770,68895db327988a3a44b186ba,save,2025-10-07 16:10:06.503000+00:00
3c374015-b2bd-40c2-9dc0-460092946770,67c22a555c6a6be685c7450c,save,2025-10-07 16:10:16.047000+00:00
3c374015-b2bd-40c2-9dc0-460092946770,67c22a555c6a6be685c7450c,save,2025-10-07 16:10:18.611000+00:00
3c374015-b2bd-40c2-9dc0-460092946770,671025e5b4067380d0881036,save,2025-10-07 16:10:46.073000+00:00
3c374015-b2bd-40c2-9dc0-460092946770,671025e5b4067380d0881036,save,2025-10-07 16:10:50.796000+00:00
3c374015-b2bd-40c2-9dc0-460092946770,6855cb4835410b682603225a,save,2025-10-07 16:11:12.040000+00:00
3c374015-b2bd-40c2-9dc0-460092946770,6855cb4835410b682603225a,save,2025-10-07 16:11:15.178000+00:00
3c374015-b2bd-40c2-9dc0-460092946770,673bb7be58d13f1a29b0bc55,save,2025-10-07 16:11:40.672000+00:00
3c374015-b2bd-40c2-9dc0-460092946770,673bb7be58d13f1a29b0bc55,save,2025-10-07 16:11:45.331000+00:00
3c374015-b2bd-40c2-9dc0-460092946770,68d1cdf4bbfb67359e539797,save,2025-10-07 16:11:54.470000+00:00
3c374015-b2bd-40c2-9dc0-460092946770,68d1cdf4bbfb67359e539797,save,2025-10-07 16:11:57.416000+00:00
3c374015-b2bd-40c2-9dc0-460092946770,68df0bd3bbfb67359e30c8c5,save,2025-10-07 16:13:32.450000+00:00
3c374015-b2bd-40c2-9dc0-460092946770,68df0bd3bbfb67359e30c8c5,save,2025-10-07 16:13:36.792000+00:00
3c374015-b2bd-40c2-9dc0-460092946770,6864515e35410b6826d984a9,save,2025-10-07 16:14:24.260000+00:00
3c374015-b2bd-40c2-9dc0-460092946770,6864515e35410b6826d984a9,save,2025-10-07 16:14:27.206000+00:00
3c374015-b2bd-40c2-9dc0-460092946770,68bf49bfa97aed5b97ed2c13,save,2025-10-07 16:24:27.112000+00:00
3c374015-b2bd-40c2-9dc0-460092946770,68bf49bfa97aed5b97ed2c13,save,2025-10-07 16:24:30.254000+00:00
3c374015-b2bd-40c2-9dc0-460092946770,68bf49bfa97aed5b97ed2c13,product_click,2025-10-07 16:25:13.446000+00:00
3c374015-b2bd-40c2-9dc0-460092946770,68df0bd3bbfb67359e30c8c5,product_click,2025-10-07 16:32:47.713000+00:00
3c374015-b2bd-40c2-9dc0-460092946770,68d1cdf4bbfb67359e539797,product_click,2025-10-07 16:34:16.379000+00:00
3c374015-b2bd-40c2-9dc0-460092946770,6704eff6d4a26ba4524605c0,product_click,2025-10-07 16:37:37.490000+00:00
3c374015-b2bd-40c2-9dc0-460092946770,67c22a555c6a6be685c7450c,product_click,2025-10-07 16:38:10.999000+00:00
3c374015-b2bd-40c2-9dc0-460092946770,6864511a35410b6826d97a7c,product_click,2025-10-07 16:39:23.604000+00:00
3c374015-b2bd-40c2-9dc0-460092946770,6864511a35410b6826d97a7c,product_click,2025-10-07 16:39:57.906000+00:00
3c374015-b2bd-40c2-9dc0-460092946770,6864511a35410b6826d97a7c,save,2025-10-07 16:40:00.253000+00:00
3c374015-b2bd-40c2-9dc0-460092946770,6864511a35410b6826d97a7c,save,2025-10-07 16:40:03.472000+00:00
3c374015-b2bd-40c2-9dc0-460092946770,67636de9b5466f0fa06c9487,product_click,2025-10-07 16:40:59.141000+00:00
3c374015-b2bd-40c2-9dc0-460092946770,68cb2561e87295fba4fb0237,product_click,2025-10-07 16:41:18.215000+00:00
0e8c5abd-a0d2-4d36-ab1b-1e656c7bf86a,68df09d2bbfb67359e30796b,save,2025-10-07 16:41:18.233000+00:00
3c374015-b2bd-40c2-9dc0-460092946770,68cb2561e87295fba4fb0237,save,2025-10-07 16:41:33.240000+00:00
3c374015-b2bd-40c2-9dc0-460092946770,68cb2561e87295fba4fb0237,save,2025-10-07 16:41:36.078000+00:00
3c374015-b2bd-40c2-9dc0-460092946770,68bf49bfa97aed5b97ed2c13,product_click,2025-10-07 16:49:38.519000+00:00
3c374015-b2bd-40c2-9dc0-460092946770,68d1cdf4bbfb67359e539797,product_click,2025-10-07 17:03:59.375000+00:00
3c374015-b2bd-40c2-9dc0-460092946770,68df0bd3bbfb67359e30c8c5,product_click,2025-10-07 17:07:45.791000+00:00
3c374015-b2bd-40c2-9dc0-460092946770,68cb2561e87295fba4fb0237,product_click,2025-10-07 17:27:16.708000+00:00
09a181db-3c14-403b-b89a-bc000698d8a1,67e75d1591255354c2bdf0a9,product_click,2025-10-07 18:32:11.797000+00:00
3c374015-b2bd-40c2-9dc0-460092946770,68b2212ca97aed5b97230d47,save,2025-10-07 19:03:17.422000+00:00
3c374015-b2bd-40c2-9dc0-460092946770,68b2212ca97aed5b97230d47,save,2025-10-07 19:03:29.274000+00:00
3c374015-b2bd-40c2-9dc0-460092946770,68cb3f4be87295fba405155a,product_click,2025-10-07 19:04:13.088000+00:00
3c374015-b2bd-40c2-9dc0-460092946770,689bc4d3ea41f2c13899c717,save,2025-10-07 19:17:48.305000+00:00
3c374015-b2bd-40c2-9dc0-460092946770,689bc4d3ea41f2c13899c717,save,2025-10-07 19:17:54.607000+00:00
3c374015-b2bd-40c2-9dc0-460092946770,6704c8a8d4a26ba452419efd,product_click,2025-10-07 19:18:21.954000+00:00
3c374015-b2bd-40c2-9dc0-460092946770,6704c8a8d4a26ba452419efd,save,2025-10-07 19:18:39.520000+00:00
3c374015-b2bd-40c2-9dc0-460092946770,6704c8a8d4a26ba452419efd,save,2025-10-07 19:18:42.312000+00:00
3c374015-b2bd-40c2-9dc0-460092946770,67610a71b5466f0fa0fac3b6,save,2025-10-07 19:20:40.134000+00:00
3c374015-b2bd-40c2-9dc0-460092946770,67610a71b5466f0fa0fac3b6,save,2025-10-07 19:20:52.712000+00:00
3c374015-b2bd-40c2-9dc0-460092946770,68cc90af3809f085bbead56f,save,2025-10-07 19:23:06.992000+00:00
3c374015-b2bd-40c2-9dc0-460092946770,68cc90af3809f085bbead56f,save,2025-10-07 19:23:10.486000+00:00
3c374015-b2bd-40c2-9dc0-460092946770,6621c6bde8bcdaefb9946e52,save,2025-10-07 19:24:01.272000+00:00
3c374015-b2bd-40c2-9dc0-460092946770,6621c6bde8bcdaefb9946e52,save,2025-10-07 19:24:07.217000+00:00
3c374015-b2bd-40c2-9dc0-460092946770,6621c6bde8bcdaefb9946e52,product_click,2025-10-07 19:25:10.355000+00:00
997b08ce-5079-403a-9657-cd3e4c3b2290,6840d11b4ae7b177047235e7,product_click,2025-10-07 21:04:42.453000+00:00
997b08ce-5079-403a-9657-cd3e4c3b2290,6621cff2e8bcdaefb994737d,product_click,2025-10-07 23:07:43.772000+00:00
997b08ce-5079-403a-9657-cd3e4c3b2290,6769ebcab5466f0fa098cf05,product_click,2025-10-08 00:22:07.243000+00:00
337cfaaa-838a-49cc-9231-0890d743ee58,68377d2b4ae7b17704862189,save,2025-10-08 03:04:31.373000+00:00
337cfaaa-838a-49cc-9231-0890d743ee58,671a7f34b4067380d07fa1fd,save,2025-10-08 03:04:47.142000+00:00
337cfaaa-838a-49cc-9231-0890d743ee58,675bb295b5466f0fa0eb9b0c,save,2025-10-08 03:04:58.095000+00:00
337cfaaa-838a-49cc-9231-0890d743ee58,667a8e2631072600d747c1d1,save,2025-10-08 03:05:11.656000+00:00
337cfaaa-838a-49cc-9231-0890d743ee58,675bb295b5466f0fa0eb9b0c,product_click,2025-10-08 03:06:27.438000+00:00
bbad63e5-ce65-4be8-9b73-bc668a794358,689d20d2ea41f2c138e763bb,save,2025-10-08 03:06:45.740000+00:00
687b4ca5-a99e-4615-9bc6-47b5235897c2,68522c2d35410b68264e62e3,product_click,2025-10-08 03:19:55.615000+00:00
687b4ca5-a99e-4615-9bc6-47b5235897c2,68522c2d35410b68264e62e3,buy_click,2025-10-08 03:20:01.845000+00:00
687b4ca5-a99e-4615-9bc6-47b5235897c2,6811332101e35ba72ad6254a,product_click,2025-10-08 03:22:04.639000+00:00
fa3364d4-b5de-4085-96f8-5bbdfea8e36a,6621c694e8bcdaefb9946e3b,product_click,2025-10-08 05:33:18.904000+00:00
c68f9e9c-229e-40fc-a5b5-254a1ef499bf,66a9ea132db8a68331cd74aa,product_click,2025-10-08 05:42:11.182000+00:00
c68f9e9c-229e-40fc-a5b5-254a1ef499bf,6764a3a1b5466f0fa0a395b5,product_click,2025-10-08 05:49:30.844000+00:00
17cfaa97-c465-45ee-befc-a0e44fe213e3,67ee1612e52becc09d509363,product_click,2025-10-08 10:43:07.957000+00:00
17cfaa97-c465-45ee-befc-a0e44fe213e3,67ee1612e52becc09d509363,save,2025-10-08 10:43:49.399000+00:00
17cfaa97-c465-45ee-befc-a0e44fe213e3,68df0dbcbbfb67359e31214b,product_click,2025-10-08 10:44:06.025000+00:00
17cfaa97-c465-45ee-befc-a0e44fe213e3,68df0dbcbbfb67359e31214b,save,2025-10-08 10:44:25.664000+00:00
17cfaa97-c465-45ee-befc-a0e44fe213e3,667a72ba31072600d7c529b7,product_click,2025-10-08 10:49:00.465000+00:00
17cfaa97-c465-45ee-befc-a0e44fe213e3,68c0aa92a97aed5b97385fbc,product_click,2025-10-08 10:49:43.655000+00:00
17cfaa97-c465-45ee-befc-a0e44fe213e3,68c0aa92a97aed5b97385fbc,save,2025-10-08 10:50:02.092000+00:00
17cfaa97-c465-45ee-befc-a0e44fe213e3,67ee1612e52becc09d509363,product_click,2025-10-08 10:57:39.150000+00:00
17cfaa97-c465-45ee-befc-a0e44fe213e3,682bc5d54ae7b17704d87755,product_click,2025-10-08 11:00:11.873000+00:00
17cfaa97-c465-45ee-befc-a0e44fe213e3,670a4ec9b4067380d0931b63,product_click,2025-10-08 11:02:44.662000+00:00
17cfaa97-c465-45ee-befc-a0e44fe213e3,68df0275bbfb67359e2c9b2d,product_click,2025-10-08 11:05:36.245000+00:00
17cfaa97-c465-45ee-befc-a0e44fe213e3,67049ca9d4a26ba4523c7e3a,product_click,2025-10-08 11:07:39.371000+00:00
a8e81f59-4fd4-4454-98e1-595d7a359d02,67082e86b4067380d033feb1,product_click,2025-10-08 11:11:56.498000+00:00
a8e81f59-4fd4-4454-98e1-595d7a359d02,67082799b4067380d03308fa,product_click,2025-10-08 11:12:37.548000+00:00
cd4d30f3-a2e6-44ac-84fe-da9f91589071,6704e0c8d4a26ba452446757,product_click,2025-10-08 15:07:12.965000+00:00
cd4d30f3-a2e6-44ac-84fe-da9f91589071,6704e0c8d4a26ba452446757,buy_click,2025-10-08 15:07:31.450000+00:00
432b1ad6-f3c8-4656-b590-503e05cf9a72,6705282ed4a26ba4524c3e3d,product_click,2025-10-08 15:22:49.713000+00:00
432b1ad6-f3c8-4656-b590-503e05cf9a72,68df101cbbfb67359e3181a6,product_click,2025-10-08 15:49:57.392000+00:00
432b1ad6-f3c8-4656-b590-503e05cf9a72,68a65e39f4b7876be9e7e2b2,product_click,2025-10-08 15:52:54.544000+00:00
432b1ad6-f3c8-4656-b590-503e05cf9a72,68a65e39f4b7876be9e7e2b2,save,2025-10-08 15:53:18.113000+00:00
432b1ad6-f3c8-4656-b590-503e05cf9a72,673f8d8558d13f1a295f473a,product_click,2025-10-08 16:13:20.066000+00:00
432b1ad6-f3c8-4656-b590-503e05cf9a72,673f8d8558d13f1a295f473a,save,2025-10-08 16:13:42.445000+00:00
432b1ad6-f3c8-4656-b590-503e05cf9a72,673f8d8558d13f1a295f473a,product_click,2025-10-08 16:16:59.833000+00:00
d79ff423-3a2b-4b96-963f-9b1f5a8217bf,67056e5dd4a26ba452554291,buy_click,2025-10-08 16:35:54.134000+00:00
d79ff423-3a2b-4b96-963f-9b1f5a8217bf,67056e5dd4a26ba452554291,buy_click,2025-10-08 16:36:01.974000+00:00
432b1ad6-f3c8-4656-b590-503e05cf9a72,68719c68a5788bba6251c1f9,product_click,2025-10-08 17:39:21.899000+00:00
432b1ad6-f3c8-4656-b590-503e05cf9a72,6760e180b5466f0fa0f4bb0e,product_click,2025-10-08 17:41:08.338000+00:00
432b1ad6-f3c8-4656-b590-503e05cf9a72,689d3b42ea41f2c138ec1ac8,product_click,2025-10-08 17:41:49.378000+00:00
c0010aee-91a9-461b-9274-e9d8411cc83c,674eb30cb5466f0fa0899c1c,product_click,2025-10-08 20:23:17.834000+00:00
2b00aa97-5de4-47c2-b4b8-93d8aa49fadc,6621cfe0e8bcdaefb9947373,product_click,2025-10-08 22:50:57.622000+00:00
f1ee63aa-7b5a-4d46-8936-9a6bbe97510f,68477067fa2061ee60461ac1,product_click,2025-10-08 22:51:28.331000+00:00
f1ee63aa-7b5a-4d46-8936-9a6bbe97510f,679be332b95336b7848019ff,product_click,2025-10-08 22:54:52.676000+00:00
f1ee63aa-7b5a-4d46-8936-9a6bbe97510f,682f93da4ae7b17704ba91f2,product_click,2025-10-08 22:55:33.237000+00:00
120863fa-0179-4a60-b037-557adc743fd5,67cf70fa5c6a6be68578e17a,save,2025-10-09 00:31:04.377000+00:00
120863fa-0179-4a60-b037-557adc743fd5,6621c972e8bcdaefb9946fd7,save,2025-10-09 00:37:01.001000+00:00
120863fa-0179-4a60-b037-557adc743fd5,68684011a5788bba6272e3f1,save,2025-10-09 00:37:41.792000+00:00
fa3364d4-b5de-4085-96f8-5bbdfea8e36a,6621d378e8bcdaefb9947564,product_click,2025-10-09 01:31:47.398000+00:00
fa3364d4-b5de-4085-96f8-5bbdfea8e36a,6719749bb4067380d04ce504,product_click,2025-10-09 01:32:08.070000+00:00
fa3364d4-b5de-4085-96f8-5bbdfea8e36a,6621bdb4f3d3c804c9d1eeb3,product_click,2025-10-09 01:32:20.546000+00:00
fa3364d4-b5de-4085-96f8-5bbdfea8e36a,6621beaaf3d3c804c9d1ef34,product_click,2025-10-09 01:32:53.291000+00:00
fa3364d4-b5de-4085-96f8-5bbdfea8e36a,68959d1eb559e26af726d716,product_click,2025-10-09 01:33:24.593000+00:00
fa3364d4-b5de-4085-96f8-5bbdfea8e36a,6852338b35410b68264f67f0,product_click,2025-10-09 01:34:33.180000+00:00
fa3364d4-b5de-4085-96f8-5bbdfea8e36a,679404f5ea6f524a80714dd5,product_click,2025-10-09 02:05:04.500000+00:00
fa3364d4-b5de-4085-96f8-5bbdfea8e36a,6621c8b4e8bcdaefb9946f6d,product_click,2025-10-09 02:05:07.027000+00:00
fa3364d4-b5de-4085-96f8-5bbdfea8e36a,68b60ce4a97aed5b97fc0052,product_click,2025-10-09 02:05:14.282000+00:00
fa3364d4-b5de-4085-96f8-5bbdfea8e36a,6852287935410b68264dbc8a,product_click,2025-10-09 02:09:22.472000+00:00
fa3364d4-b5de-4085-96f8-5bbdfea8e36a,689fc50cea41f2c13879cf3d,product_click,2025-10-09 02:13:32.050000+00:00
dc0ae826-3bf5-4d7d-91d1-03f161996009,67f456f3bc1963a532acb903,product_click,2025-10-09 03:30:11.086000+00:00
dc0ae826-3bf5-4d7d-91d1-03f161996009,685f21ef35410b6826d6b9f1,product_click,2025-10-09 03:32:50.824000+00:00
fa3364d4-b5de-4085-96f8-5bbdfea8e36a,673f9cf358d13f1a29612654,product_click,2025-10-09 04:06:08.823000+00:00
fa3364d4-b5de-4085-96f8-5bbdfea8e36a,66a9ebea2db8a68331d4cd38,product_click,2025-10-09 04:10:07.855000+00:00
fa3364d4-b5de-4085-96f8-5bbdfea8e36a,6704dcd1d4a26ba45243f776,product_click,2025-10-09 04:15:00.738000+00:00
4f7f38c8-79e4-4c12-bf39-a9096745c70e,66fd55e5f04792353f8477f0,product_click,2025-10-09 04:37:57.163000+00:00
fa3364d4-b5de-4085-96f8-5bbdfea8e36a,67e7590391255354c2bd5f42,product_click,2025-10-09 04:55:38.567000+00:00
7e580a2d-983e-4321-b50b-599535a1bcf1,68a90542f4b7876be9776623,product_click,2025-10-09 05:26:40.975000+00:00
7e580a2d-983e-4321-b50b-599535a1bcf1,68a90542f4b7876be9776623,buy_click,2025-10-09 05:27:01.977000+00:00
7e580a2d-983e-4321-b50b-599535a1bcf1,6621c133f3d3c804c9d1f085,product_click,2025-10-09 05:28:21.384000+00:00
7e580a2d-983e-4321-b50b-599535a1bcf1,66f34db10ea5be76228b986b,product_click,2025-10-09 05:28:48.132000+00:00
7e580a2d-983e-4321-b50b-599535a1bcf1,66f34db10ea5be76228b986b,buy_click,2025-10-09 05:28:51.721000+00:00
7e580a2d-983e-4321-b50b-599535a1bcf1,672bc6af7dda6f1df5db1827,product_click,2025-10-09 05:29:59.055000+00:00
7e580a2d-983e-4321-b50b-599535a1bcf1,672bc6af7dda6f1df5db1827,buy_click,2025-10-09 05:30:12.520000+00:00
7e580a2d-983e-4321-b50b-599535a1bcf1,671a7bc3b4067380d07f2f93,product_click,2025-10-09 07:06:11.735000+00:00
7e580a2d-983e-4321-b50b-599535a1bcf1,682e3fa94ae7b177046d6fc3,product_click,2025-10-09 07:06:22.694000+00:00
7e580a2d-983e-4321-b50b-599535a1bcf1,682e3fa94ae7b177046d6fc3,buy_click,2025-10-09 07:06:38.680000+00:00
7e580a2d-983e-4321-b50b-599535a1bcf1,685085b435410b6826fdff02,product_click,2025-10-09 07:07:17.460000+00:00
7e580a2d-983e-4321-b50b-599535a1bcf1,685085b435410b6826fdff02,buy_click,2025-10-09 07:07:28.652000+00:00
7e580a2d-983e-4321-b50b-599535a1bcf1,682e50cb4ae7b17704732442,product_click,2025-10-09 07:10:03.311000+00:00
7e580a2d-983e-4321-b50b-599535a1bcf1,687be534681d8584dde42096,product_click,2025-10-09 07:11:12.744000+00:00
7e580a2d-983e-4321-b50b-599535a1bcf1,682f9c004ae7b17704bc6ab8,product_click,2025-10-09 07:11:41.316000+00:00
7e580a2d-983e-4321-b50b-599535a1bcf1,682f9c004ae7b17704bc6ab8,save,2025-10-09 07:11:58.130000+00:00
7e580a2d-983e-4321-b50b-599535a1bcf1,673749e858d13f1a29f7052c,product_click,2025-10-09 07:12:39.018000+00:00
7e580a2d-983e-4321-b50b-599535a1bcf1,6621c899e8bcdaefb9946f5e,product_click,2025-10-09 07:13:10.091000+00:00
af80ef89-38f5-4fdd-a84a-53077813b475,68523b2b35410b6826508cbc,product_click,2025-10-09 07:16:21.467000+00:00
af80ef89-38f5-4fdd-a84a-53077813b475,68523b2b35410b6826508cbc,buy_click,2025-10-09 07:16:35.014000+00:00
997b08ce-5079-403a-9657-cd3e4c3b2290,670493dcd4a26ba4523b885e,product_click,2025-10-09 11:22:34.330000+00:00
997b08ce-5079-403a-9657-cd3e4c3b2290,670493dcd4a26ba4523b885e,buy_click,2025-10-09 11:22:47.291000+00:00
997b08ce-5079-403a-9657-cd3e4c3b2290,6876cd8ba5788bba624c88a4,product_click,2025-10-09 11:23:21.813000+00:00
997b08ce-5079-403a-9657-cd3e4c3b2290,67050d47d4a26ba45249464e,product_click,2025-10-09 11:25:20.461000+00:00
997b08ce-5079-403a-9657-cd3e4c3b2290,67050d47d4a26ba45249464e,buy_click,2025-10-09 11:25:49.553000+00:00
997b08ce-5079-403a-9657-cd3e4c3b2290,67050d47d4a26ba45249464e,buy_click,2025-10-09 11:25:55.422000+00:00
997b08ce-5079-403a-9657-cd3e4c3b2290,67050d47d4a26ba45249464e,save,2025-10-09 11:26:00.486000+00:00
997b08ce-5079-403a-9657-cd3e4c3b2290,67050d47d4a26ba45249464e,save,2025-10-09 11:26:11.075000+00:00
997b08ce-5079-403a-9657-cd3e4c3b2290,66b322210484781bef907ee0,product_click,2025-10-09 11:26:51.884000+00:00
997b08ce-5079-403a-9657-cd3e4c3b2290,66b322210484781bef907ee0,buy_click,2025-10-09 11:27:05.289000+00:00
997b08ce-5079-403a-9657-cd3e4c3b2290,66b322210484781bef907ee0,save,2025-10-09 11:27:10.734000+00:00
997b08ce-5079-403a-9657-cd3e4c3b2290,66b322210484781bef907ee0,save,2025-10-09 11:27:13.290000+00:00
997b08ce-5079-403a-9657-cd3e4c3b2290,66b322210484781bef907ee0,buy_click,2025-10-09 11:27:55.177000+00:00
997b08ce-5079-403a-9657-cd3e4c3b2290,67056b6bd4a26ba45254ed7d,product_click,2025-10-09 11:28:21.519000+00:00
997b08ce-5079-403a-9657-cd3e4c3b2290,67056b6bd4a26ba45254ed7d,buy_click,2025-10-09 11:28:24.133000+00:00
997b08ce-5079-403a-9657-cd3e4c3b2290,67056b6bd4a26ba45254ed7d,save,2025-10-09 11:28:32.911000+00:00
997b08ce-5079-403a-9657-cd3e4c3b2290,67056b6bd4a26ba45254ed7d,save,2025-10-09 11:28:35.343000+00:00
997b08ce-5079-403a-9657-cd3e4c3b2290,6748cf22b5466f0fa07db7ba,product_click,2025-10-09 11:33:13.866000+00:00
997b08ce-5079-403a-9657-cd3e4c3b2290,6621d260e8bcdaefb99474c7,product_click,2025-10-09 11:33:40.327000+00:00
a3afc90d-31a4-4c99-ac98-acb86db2fbc6,68d46b78bbfb67359ee2f784,save,2025-10-09 13:34:56.894000+00:00
a3afc90d-31a4-4c99-ac98-acb86db2fbc6,68719ea9a5788bba62520d90,save,2025-10-09 13:40:13.778000+00:00
a3afc90d-31a4-4c99-ac98-acb86db2fbc6,68719ea9a5788bba62520d90,product_click,2025-10-09 13:46:55.265000+00:00
a3afc90d-31a4-4c99-ac98-acb86db2fbc6,68719ea9a5788bba62520d90,save,2025-10-09 13:46:59.870000+00:00
a3afc90d-31a4-4c99-ac98-acb86db2fbc6,68719ea9a5788bba62520d90,save,2025-10-09 13:47:01.640000+00:00
a3afc90d-31a4-4c99-ac98-acb86db2fbc6,68d46b78bbfb67359ee2f784,product_click,2025-10-09 13:47:26.705000+00:00
b53aa16e-a725-41d1-8319-962442957c3f,6621b451f2067226ce754a21,product_click,2025-10-09 14:26:47.875000+00:00
dc0ae826-3bf5-4d7d-91d1-03f161996009,665a64b2fc11a2f59db384d2,product_click,2025-10-09 16:43:28.463000+00:00
dc0ae826-3bf5-4d7d-91d1-03f161996009,67f44fb9bc1963a532aa97ec,save,2025-10-09 16:43:42.320000+00:00
dc0ae826-3bf5-4d7d-91d1-03f161996009,666768954ff502d05e9d94f3,product_click,2025-10-09 16:44:19.052000+00:00
dc0ae826-3bf5-4d7d-91d1-03f161996009,666768954ff502d05e9d94f3,save,2025-10-09 16:44:22.696000+00:00
dc0ae826-3bf5-4d7d-91d1-03f161996009,68227746de7b620e51ec2b4b,save,2025-10-09 16:44:25.230000+00:00
dc0ae826-3bf5-4d7d-91d1-03f161996009,6704d488d4a26ba45243005d,product_click,2025-10-09 16:45:18.111000+00:00
dc0ae826-3bf5-4d7d-91d1-03f161996009,6704d488d4a26ba45243005d,save,2025-10-09 16:45:31.736000+00:00
c7275f08-02c2-4fd8-8d9a-f080a29dc64a,6714263ab4067380d0402c01,product_click,2025-10-09 17:35:58.047000+00:00
25f10658-d579-4706-9a38-8787e0d5e072,685a181735410b6826dcebbe,save,2025-10-09 17:38:11.631000+00:00
25f10658-d579-4706-9a38-8787e0d5e072,68ddc950bbfb67359ee64973,save,2025-10-09 17:38:43.115000+00:00
25f10658-d579-4706-9a38-8787e0d5e072,68ddc950bbfb67359ee64973,save,2025-10-09 17:38:43.306000+00:00
25f10658-d579-4706-9a38-8787e0d5e072,685dbfe035410b6826904d72,save,2025-10-09 17:39:44.660000+00:00
25f10658-d579-4706-9a38-8787e0d5e072,686c2560a5788bba6235347e,save,2025-10-09 18:35:03.252000+00:00
25f10658-d579-4706-9a38-8787e0d5e072,686c2560a5788bba6235347e,save,2025-10-09 18:35:03.563000+00:00
25f10658-d579-4706-9a38-8787e0d5e072,67aa1545b95336b784e1007e,save,2025-10-09 18:35:42.059000+00:00
25f10658-d579-4706-9a38-8787e0d5e072,6621cb7ae8bcdaefb99470f8,save,2025-10-09 18:37:41.310000+00:00
25f10658-d579-4706-9a38-8787e0d5e072,6621cb51e8bcdaefb99470e1,save,2025-10-09 18:38:42.868000+00:00
25f10658-d579-4706-9a38-8787e0d5e072,6621cb51e8bcdaefb99470e1,save,2025-10-09 18:38:43.176000+00:00
25f10658-d579-4706-9a38-8787e0d5e072,688aad2c27988a3a44fae72b,save,2025-10-09 18:39:26.718000+00:00
25f10658-d579-4706-9a38-8787e0d5e072,688d52eb27988a3a448d62ad,save,2025-10-09 18:39:46.570000+00:00
25f10658-d579-4706-9a38-8787e0d5e072,688d52eb27988a3a448d62ad,save,2025-10-09 18:39:46.932000+00:00
25f10658-d579-4706-9a38-8787e0d5e072,685c830035410b682657dc3c,product_click,2025-10-09 18:43:27.287000+00:00
25f10658-d579-4706-9a38-8787e0d5e072,6621beaff3d3c804c9d1ef37,product_click,2025-10-09 18:43:57.105000+00:00
25f10658-d579-4706-9a38-8787e0d5e072,6864541435410b6826da7a04,product_click,2025-10-09 18:44:58.410000+00:00
25f10658-d579-4706-9a38-8787e0d5e072,6864541435410b6826da7a04,product_click,2025-10-09 18:44:58.769000+00:00
25f10658-d579-4706-9a38-8787e0d5e072,6621bdb2f3d3c804c9d1eeb2,save,2025-10-09 18:56:42.859000+00:00
25f10658-d579-4706-9a38-8787e0d5e072,6672b4fb41ed7275d9c91c7f,save,2025-10-09 18:58:31.869000+00:00
25f10658-d579-4706-9a38-8787e0d5e072,67a664eeb95336b784160fc4,save,2025-10-09 18:58:45.804000+00:00
25f10658-d579-4706-9a38-8787e0d5e072,67bed39cbb99c14432b972ff,save,2025-10-09 18:58:54.963000+00:00
25f10658-d579-4706-9a38-8787e0d5e072,683e269d4ae7b17704ed0645,save,2025-10-09 18:59:17.881000+00:00
25f10658-d579-4706-9a38-8787e0d5e072,66eabad20ea5be7622fef384,save,2025-10-09 19:00:12.198000+00:00
25f10658-d579-4706-9a38-8787e0d5e072,68ba2eaca97aed5b97e78af4,save,2025-10-09 19:02:03.642000+00:00
25f10658-d579-4706-9a38-8787e0d5e072,6704cbc7d4a26ba452420001,save,2025-10-09 19:03:51.543000+00:00
25f10658-d579-4706-9a38-8787e0d5e072,679941b0ea6f524a8034d471,save,2025-10-09 19:04:03.863000+00:00
25f10658-d579-4706-9a38-8787e0d5e072,679941b0ea6f524a8034d471,save,2025-10-09 19:04:04.654000+00:00
25f10658-d579-4706-9a38-8787e0d5e072,6704c66ad4a26ba452416071,save,2025-10-09 19:06:35.431000+00:00
25f10658-d579-4706-9a38-8787e0d5e072,6840ced34ae7b1770471b5bb,save,2025-10-09 19:06:53.424000+00:00
25f10658-d579-4706-9a38-8787e0d5e072,6859f58a35410b6826d795b7,save,2025-10-09 19:07:25.699000+00:00
25f10658-d579-4706-9a38-8787e0d5e072,68c1e968a97aed5b97791def,save,2025-10-09 19:07:28.448000+00:00
25f10658-d579-4706-9a38-8787e0d5e072,68c1e968a97aed5b97791def,save,2025-10-09 19:07:29.757000+00:00
25f10658-d579-4706-9a38-8787e0d5e072,68c1e968a97aed5b97791def,save,2025-10-09 19:07:35.710000+00:00
25f10658-d579-4706-9a38-8787e0d5e072,66cc64b755c1cd23250680ea,save,2025-10-09 19:08:58.782000+00:00
25f10658-d579-4706-9a38-8787e0d5e072,68a7a5baf4b7876be92b4e3d,save,2025-10-09 19:10:55.672000+00:00
25f10658-d579-4706-9a38-8787e0d5e072,6704973dd4a26ba4523be8a6,save,2025-10-09 19:26:39.242000+00:00
25f10658-d579-4706-9a38-8787e0d5e072,6621bf51f3d3c804c9d1ef8e,save,2025-10-09 19:27:47.265000+00:00
25f10658-d579-4706-9a38-8787e0d5e072,6621bf51f3d3c804c9d1ef8e,save,2025-10-09 19:27:50.291000+00:00
95779083-357f-4abe-a7f3-59ab5f6d37cd,687be7d2681d8584dde478db,product_click,2025-10-09 20:32:50.273000+00:00
95779083-357f-4abe-a7f3-59ab5f6d37cd,6621c011f3d3c804c9d1eff4,product_click,2025-10-09 20:33:05.340000+00:00
bb65f9fb-da6e-4781-ac75-f8583146ff5f,6852382c35410b6826502b4a,product_click,2025-10-09 20:39:46.186000+00:00
bb65f9fb-da6e-4781-ac75-f8583146ff5f,6852382c35410b6826502b4a,buy_click,2025-10-09 20:40:00.411000+00:00
5d243089-fd53-41c7-b394-4832db705dc2,6895a12fb559e26af727d9aa,product_click,2025-10-09 21:19:51.179000+00:00
699bddf1-0278-4cba-9c6a-4ce6fdf81267,6753b685b5466f0fa080bb8c,product_click,2025-10-09 21:22:22.206000+00:00
699bddf1-0278-4cba-9c6a-4ce6fdf81267,687bf2b9681d8584dde66d2d,product_click,2025-10-09 21:23:34.609000+00:00
997b08ce-5079-403a-9657-cd3e4c3b2290,67056b6bd4a26ba45254ed7d,product_click,2025-10-09 21:30:04.471000+00:00
997b08ce-5079-403a-9657-cd3e4c3b2290,67056b6bd4a26ba45254ed7d,buy_click,2025-10-09 21:30:04.473000+00:00
997b08ce-5079-403a-9657-cd3e4c3b2290,67050d47d4a26ba45249464e,product_click,2025-10-09 21:30:09.571000+00:00
997b08ce-5079-403a-9657-cd3e4c3b2290,67050d47d4a26ba45249464e,buy_click,2025-10-09 21:30:11.008000+00:00
997b08ce-5079-403a-9657-cd3e4c3b2290,66b322210484781bef907ee0,product_click,2025-10-09 21:30:14.732000+00:00
997b08ce-5079-403a-9657-cd3e4c3b2290,66b322210484781bef907ee0,buy_click,2025-10-09 21:30:17.500000+00:00
997b08ce-5079-403a-9657-cd3e4c3b2290,68def823bbfb67359e28439d,product_click,2025-10-09 22:27:22.629000+00:00
16e03bca-e743-457e-94a9-d75980c54e73,67053674d4a26ba4524dcde7,product_click,2025-10-09 22:59:41.060000+00:00
16e03bca-e743-457e-94a9-d75980c54e73,6696264a212e9bfa0fd6757d,product_click,2025-10-09 23:11:00.723000+00:00
6ed956fc-4a66-41ea-a0ef-afaeab9e641e,672bdb727dda6f1df5dda9fd,product_click,2025-10-10 02:45:18.546000+00:00
6ed956fc-4a66-41ea-a0ef-afaeab9e641e,68af993aa97aed5b979b96fd,product_click,2025-10-10 02:45:33.524000+00:00
6ed956fc-4a66-41ea-a0ef-afaeab9e641e,688c036427988a3a4446a168,product_click,2025-10-10 02:46:37.136000+00:00
c3234d88-bce4-4481-84e7-f099a140a7ec,685349b335410b68268bbaa0,product_click,2025-10-10 02:49:53.038000+00:00
c3234d88-bce4-4481-84e7-f099a140a7ec,68af993aa97aed5b979b96fd,product_click,2025-10-10 02:50:28.087000+00:00
17cfaa97-c465-45ee-befc-a0e44fe213e3,6737549758d13f1a29f84891,product_click,2025-10-10 04:52:13.618000+00:00
17cfaa97-c465-45ee-befc-a0e44fe213e3,6883d14127988a3a44916cf7,product_click,2025-10-10 04:53:54.672000+00:00
17cfaa97-c465-45ee-befc-a0e44fe213e3,6621c8c9e8bcdaefb9946f79,product_click,2025-10-10 04:54:17.875000+00:00
17cfaa97-c465-45ee-befc-a0e44fe213e3,68cc7a803809f085bbe1a217,product_click,2025-10-10 04:54:59.232000+00:00
17cfaa97-c465-45ee-befc-a0e44fe213e3,6760fc88b5466f0fa0f879ef,product_click,2025-10-10 04:56:44.809000+00:00
17cfaa97-c465-45ee-befc-a0e44fe213e3,68cddf773809f085bb35337a,product_click,2025-10-10 04:57:56.908000+00:00
17cfaa97-c465-45ee-befc-a0e44fe213e3,6855d8e435410b6826086495,product_click,2025-10-10 04:59:08.450000+00:00
17cfaa97-c465-45ee-befc-a0e44fe213e3,6855c9ce35410b682602f075,product_click,2025-10-10 04:59:53.995000+00:00
17cfaa97-c465-45ee-befc-a0e44fe213e3,68522b2435410b68264e3b3c,product_click,2025-10-10 05:00:32.338000+00:00
17cfaa97-c465-45ee-befc-a0e44fe213e3,68c9e85ee87295fba4b851dc,product_click,2025-10-10 05:01:17.642000+00:00
17cfaa97-c465-45ee-befc-a0e44fe213e3,68c1f0cba97aed5b977a95d9,product_click,2025-10-10 05:02:07.933000+00:00
17cfaa97-c465-45ee-befc-a0e44fe213e3,68d5aaa0bbfb67359e24afb0,product_click,2025-10-10 05:02:39.417000+00:00
17cfaa97-c465-45ee-befc-a0e44fe213e3,68d5aaa0bbfb67359e24afb0,save,2025-10-10 05:02:54.106000+00:00
50056be0-fdfc-4777-a77e-d119a13a5c3e,66eac9ec0ea5be76220106aa,product_click,2025-10-10 07:25:22.570000+00:00
eb85cb6a-05e9-4831-895b-18c18f0669f9,67acb995bb99c144328c3771,product_click,2025-10-10 08:39:07.843000+00:00
e2c001b1-f720-4a42-ae6d-53035cbe8be3,6621b302f2067226ce754959,product_click,2025-10-10 17:52:24.034000+00:00
e2c001b1-f720-4a42-ae6d-53035cbe8be3,67053d51d4a26ba4524e8b88,product_click,2025-10-10 17:53:18.007000+00:00
e2c001b1-f720-4a42-ae6d-53035cbe8be3,670482cad4a26ba4523961eb,product_click,2025-10-10 17:54:58.697000+00:00
24584519-36b6-4550-becf-e14a8a610a55,672bdb727dda6f1df5dda9fd,product_click,2025-10-10 17:59:57.132000+00:00
24584519-36b6-4550-becf-e14a8a610a55,672bdb727dda6f1df5dda9fd,buy_click,2025-10-10 17:59:58.533000+00:00
e2c001b1-f720-4a42-ae6d-53035cbe8be3,6881957a681d8584dde7483c,product_click,2025-10-10 18:30:19.672000+00:00
2a72c22a-b89a-4274-b0a3-5c5be71b104c,6883d3f827988a3a4491cadb,save,2025-10-10 18:54:48.972000+00:00
2a72c22a-b89a-4274-b0a3-5c5be71b104c,68e6ddae408c0c5a752efd1a,save,2025-10-10 18:54:53.309000+00:00
2a72c22a-b89a-4274-b0a3-5c5be71b104c,666ac410ca070b026309750e,product_click,2025-10-10 18:55:10.231000+00:00
2a72c22a-b89a-4274-b0a3-5c5be71b104c,6855e16d35410b68260acdbc,save,2025-10-10 18:55:21.602000+00:00
2a72c22a-b89a-4274-b0a3-5c5be71b104c,68522d8135410b68264e99a3,save,2025-10-10 18:55:29.913000+00:00
2a72c22a-b89a-4274-b0a3-5c5be71b104c,6621d2bce8bcdaefb99474fb,product_click,2025-10-10 18:56:45.980000+00:00
2a72c22a-b89a-4274-b0a3-5c5be71b104c,68362f924ae7b177043ea316,save,2025-10-10 18:57:01.991000+00:00
2a72c22a-b89a-4274-b0a3-5c5be71b104c,676384a0b5466f0fa06fbc8f,save,2025-10-10 18:57:08.279000+00:00
2a72c22a-b89a-4274-b0a3-5c5be71b104c,670556d3d4a26ba452529967,save,2025-10-10 18:58:46.807000+00:00
2a72c22a-b89a-4274-b0a3-5c5be71b104c,665a6649fc11a2f59dbd7330,product_click,2025-10-10 19:01:19.694000+00:00
2a72c22a-b89a-4274-b0a3-5c5be71b104c,665a6649fc11a2f59dbd7330,save,2025-10-10 19:01:23.071000+00:00
2a72c22a-b89a-4274-b0a3-5c5be71b104c,66fc15e6f04792353f4fda57,save,2025-10-10 19:04:00.375000+00:00
2a72c22a-b89a-4274-b0a3-5c5be71b104c,6621bd9cf3d3c804c9d1eea6,product_click,2025-10-10 19:05:57.375000+00:00
2a72c22a-b89a-4274-b0a3-5c5be71b104c,6621bd9cf3d3c804c9d1eea6,save,2025-10-10 19:06:04.763000+00:00
2a72c22a-b89a-4274-b0a3-5c5be71b104c,67e343f291255354c2d0bed1,save,2025-10-10 19:20:36.840000+00:00
3168a8a9-c1c0-4bb9-b8f4-f1859de49fc2,68c9d19be87295fba4b0af0c,product_click,2025-10-10 23:56:32.451000+00:00
3168a8a9-c1c0-4bb9-b8f4-f1859de49fc2,6895a12fb559e26af727d9aa,save,2025-10-10 23:58:54.279000+00:00
3168a8a9-c1c0-4bb9-b8f4-f1859de49fc2,67ed41dee52becc09d1cf93b,product_click,2025-10-10 23:59:51.482000+00:00
3168a8a9-c1c0-4bb9-b8f4-f1859de49fc2,66f344440ea5be762286d2aa,product_click,2025-10-11 00:00:09.869000+00:00
3168a8a9-c1c0-4bb9-b8f4-f1859de49fc2,66fc04dff04792353f4d6809,product_click,2025-10-11 00:01:26.950000+00:00
3168a8a9-c1c0-4bb9-b8f4-f1859de49fc2,66d9a58d0ea5be7622c9ef2e,product_click,2025-10-11 00:38:02.977000+00:00
3168a8a9-c1c0-4bb9-b8f4-f1859de49fc2,6704b646d4a26ba4523f933e,product_click,2025-10-11 00:38:42.668000+00:00
687b4ca5-a99e-4615-9bc6-47b5235897c2,68476ab2fa2061ee60430671,product_click,2025-10-11 02:04:50.614000+00:00
d96eaff4-f4f0-41b2-844c-bb0faaaef980,664839cc16f50168ab0a8954,product_click,2025-10-11 02:11:16.723000+00:00
d96eaff4-f4f0-41b2-844c-bb0faaaef980,68684749a5788bba62748b3c,product_click,2025-10-11 02:16:43.790000+00:00
972573c7-7dac-4283-96db-ad0c6f930959,689bcffeea41f2c1389dafa9,product_click,2025-10-11 10:46:07.659000+00:00
9770bb10-9b78-42fe-916d-1ebee6a1485b,6621bf21f3d3c804c9d1ef75,product_click,2025-10-11 11:15:31.246000+00:00
40c1ebfb-ff97-4f59-a12d-76aca143717f,68d1d8f0bbfb67359e56fe19,product_click,2025-10-11 18:14:54.094000+00:00
8a0bea85-1d7d-4107-b81f-ad91d7694c3a,66484c3a16f50168ab54c5c1,product_click,2025-10-11 19:07:54.031000+00:00
58d68771-7196-4f8c-97e6-65dd11dc12f3,67a39e8fb95336b7849aa889,product_click,2025-10-12 02:42:31.661000+00:00
58d68771-7196-4f8c-97e6-65dd11dc12f3,67a39e8fb95336b7849aa889,product_click,2025-10-12 02:43:19.069000+00:00
58d68771-7196-4f8c-97e6-65dd11dc12f3,674ebb9fb5466f0fa08bb9da,product_click,2025-10-12 02:50:56.934000+00:00
58d68771-7196-4f8c-97e6-65dd11dc12f3,68522d8135410b68264e99a3,product_click,2025-10-12 03:03:02.147000+00:00
b392029a-349f-42c3-acf6-43bff5ee2886,6621b5d6f2067226ce754b0a,product_click,2025-10-12 06:24:58.302000+00:00
b392029a-349f-42c3-acf6-43bff5ee2886,6792a81241d282dcab2d5c1d,product_click,2025-10-12 06:30:28.473000+00:00
b392029a-349f-42c3-acf6-43bff5ee2886,6621ad93f08726e1226ccdbc,product_click,2025-10-12 07:04:14.887000+00:00
b392029a-349f-42c3-acf6-43bff5ee2886,675918efb5466f0fa07773ed,product_click,2025-10-12 07:05:59.317000+00:00
b392029a-349f-42c3-acf6-43bff5ee2886,686c3147a5788bba6237112c,product_click,2025-10-12 07:07:23.185000+00:00
b392029a-349f-42c3-acf6-43bff5ee2886,6621bcb5f3d3c804c9d1ee27,product_click,2025-10-12 07:10:31.772000+00:00
aaab443f-50a7-4318-8083-ec247e547611,667297a341ed7275d92ec208,product_click,2025-10-12 08:57:49.160000+00:00
5f47503d-b394-4bff-8ae4-c687c61259cb,67e0c6ba3ce6d6673de316a7,product_click,2025-10-12 11:27:42.990000+00:00
0a64bf5b-d7f7-43a3-9a0a-0d5e499650fd,6621b8c2f3d3c804c9d1ebf8,product_click,2025-10-12 14:10:54.952000+00:00
0a64bf5b-d7f7-43a3-9a0a-0d5e499650fd,6621b8c2f3d3c804c9d1ebf8,save,2025-10-12 14:11:15.366000+00:00
0a64bf5b-d7f7-43a3-9a0a-0d5e499650fd,6621b8c2f3d3c804c9d1ebf8,product_click,2025-10-12 14:11:38.207000+00:00
0a64bf5b-d7f7-43a3-9a0a-0d5e499650fd,6621b8c2f3d3c804c9d1ebf8,product_click,2025-10-12 14:12:19.524000+00:00
0a64bf5b-d7f7-43a3-9a0a-0d5e499650fd,6621b8c2f3d3c804c9d1ebf8,buy_click,2025-10-12 14:12:22.310000+00:00
365e74fc-2c5c-4d4b-83e9-bbb2bc9c1e58,6621c694e8bcdaefb9946e3b,product_click,2025-10-12 14:42:03.639000+00:00
100d5460-7d94-42ea-9ba1-8ad00e8a0f54,679bd2c7b95336b7847dca4e,product_click,2025-10-12 19:04:55.421000+00:00
100d5460-7d94-42ea-9ba1-8ad00e8a0f54,670826f6b4067380d032f2ed,product_click,2025-10-12 19:05:55.086000+00:00
ef899bcb-a9c1-4e91-82c0-a0ea7bc0c1b1,68df09d2bbfb67359e30796b,product_click,2025-10-12 19:09:08.451000+00:00
8a0bea85-1d7d-4107-b81f-ad91d7694c3a,66a9f4ed2db8a68331fd9168,product_click,2025-10-12 19:56:15.767000+00:00
09ed21ab-3f12-4f9d-bd4c-a046c83f1c16,6621b08ef2067226ce7547ef,save,2025-10-12 21:03:43.690000+00:00
09ed21ab-3f12-4f9d-bd4c-a046c83f1c16,68362e3a4ae7b177043e4fcd,save,2025-10-12 21:04:04.711000+00:00
09ed21ab-3f12-4f9d-bd4c-a046c83f1c16,6849fcf7d8383c34e05ff41f,save,2025-10-12 21:04:37.255000+00:00
09ed21ab-3f12-4f9d-bd4c-a046c83f1c16,67cb910c5c6a6be685b1c7e1,save,2025-10-12 21:04:40.362000+00:00
09ed21ab-3f12-4f9d-bd4c-a046c83f1c16,66768a7631072600d72e7427,save,2025-10-12 21:04:52.052000+00:00
09ed21ab-3f12-4f9d-bd4c-a046c83f1c16,6621c0a9f3d3c804c9d1f042,save,2025-10-12 21:05:20.595000+00:00
2539d273-7486-49c6-afd8-9a5716826b48,6621d357e8bcdaefb9947551,product_click,2025-10-12 21:06:48.644000+00:00
2539d273-7486-49c6-afd8-9a5716826b48,6621bf9af3d3c804c9d1efb6,product_click,2025-10-12 21:07:33.504000+00:00
2539d273-7486-49c6-afd8-9a5716826b48,6621b083f2067226ce7547e8,product_click,2025-10-12 21:07:48.529000+00:00
8022b61c-06d3-44ea-8b62-77f75961b472,6621b0c9f2067226ce754811,product_click,2025-10-12 21:10:36.448000+00:00
8022b61c-06d3-44ea-8b62-77f75961b472,6621b124f2067226ce754846,product_click,2025-10-12 21:11:06.341000+00:00
8022b61c-06d3-44ea-8b62-77f75961b472,688ab1c327988a3a44fc7f9b,product_click,2025-10-12 21:14:08.126000+00:00
8022b61c-06d3-44ea-8b62-77f75961b472,688aa5af27988a3a44f81dcb,product_click,2025-10-12 21:14:22.093000+00:00
8022b61c-06d3-44ea-8b62-77f75961b472,688aa5af27988a3a44f81dcb,product_click,2025-10-12 21:14:22.419000+00:00
8022b61c-06d3-44ea-8b62-77f75961b472,688aa5af27988a3a44f81dcb,save,2025-10-12 21:14:29.521000+00:00
8022b61c-06d3-44ea-8b62-77f75961b472,688197d8681d8584dde82df3,product_click,2025-10-12 21:14:44.866000+00:00
8022b61c-06d3-44ea-8b62-77f75961b472,688197d8681d8584dde82df3,save,2025-10-12 21:14:52.312000+00:00
8022b61c-06d3-44ea-8b62-77f75961b472,685dc32d35410b6826928952,product_click,2025-10-12 21:15:28.014000+00:00
8022b61c-06d3-44ea-8b62-77f75961b472,685dc32d35410b6826928952,save,2025-10-12 21:15:37.430000+00:00
8022b61c-06d3-44ea-8b62-77f75961b472,687fb753681d8584dd88e59e,product_click,2025-10-12 21:16:30.604000+00:00
8022b61c-06d3-44ea-8b62-77f75961b472,687fb753681d8584dd88e59e,save,2025-10-12 21:16:38.167000+00:00
8022b61c-06d3-44ea-8b62-77f75961b472,6855e2ca35410b68260b1a03,product_click,2025-10-12 21:17:07.831000+00:00
8022b61c-06d3-44ea-8b62-77f75961b472,688d510627988a3a448d1323,product_click,2025-10-12 21:17:28.065000+00:00
8022b61c-06d3-44ea-8b62-77f75961b472,688d510627988a3a448d1323,save,2025-10-12 21:17:36.575000+00:00
8022b61c-06d3-44ea-8b62-77f75961b472,675bb88cb5466f0fa0ec66e5,product_click,2025-10-12 21:18:41.037000+00:00
8022b61c-06d3-44ea-8b62-77f75961b472,675bb88cb5466f0fa0ec66e5,save,2025-10-12 21:18:49.780000+00:00
8022b61c-06d3-44ea-8b62-77f75961b472,67197659b4067380d04d1f16,save,2025-10-12 21:20:46.974000+00:00
8022b61c-06d3-44ea-8b62-77f75961b472,6621b083f2067226ce7547e8,save,2025-10-12 21:20:54.591000+00:00
26e85ee9-e373-49c1-94ec-e7b350e7d52b,673fa72458d13f1a29625f02,product_click,2025-10-12 23:20:20.094000+00:00
c8844ac4-abaf-4aba-95ec-a54455531d17,6672a28141ed7275d9680624,save,2025-10-12 23:26:40.196000+00:00
c8844ac4-abaf-4aba-95ec-a54455531d17,6672a28141ed7275d9680624,save,2025-10-12 23:26:44.515000+00:00
c8844ac4-abaf-4aba-95ec-a54455531d17,68e0475bbbfb67359e74fec4,product_click,2025-10-12 23:29:25.459000+00:00
c8844ac4-abaf-4aba-95ec-a54455531d17,67ed41dee52becc09d1cf93b,product_click,2025-10-12 23:29:50.184000+00:00
c8844ac4-abaf-4aba-95ec-a54455531d17,67ed41dee52becc09d1cf93b,save,2025-10-12 23:29:59.395000+00:00
c8844ac4-abaf-4aba-95ec-a54455531d17,67ed41dee52becc09d1cf93b,save,2025-10-12 23:30:02.350000+00:00
3c374015-b2bd-40c2-9dc0-460092946770,68bf49bfa97aed5b97ed2c13,product_click,2025-10-12 23:36:55.377000+00:00
3c374015-b2bd-40c2-9dc0-460092946770,68d1cdf4bbfb67359e539797,product_click,2025-10-12 23:37:11.975000+00:00
3c374015-b2bd-40c2-9dc0-460092946770,68d1cdf4bbfb67359e539797,product_click,2025-10-12 23:41:39.965000+00:00
3c374015-b2bd-40c2-9dc0-460092946770,68df0bd3bbfb67359e30c8c5,product_click,2025-10-12 23:44:03.351000+00:00
3c374015-b2bd-40c2-9dc0-460092946770,68cb2561e87295fba4fb0237,product_click,2025-10-12 23:45:42.009000+00:00
c8844ac4-abaf-4aba-95ec-a54455531d17,68912f79b559e26af737c5fb,product_click,2025-10-12 23:58:53.193000+00:00
e936dae6-fb9f-4218-b217-57b049ef0596,6764a3a1b5466f0fa0a395b5,product_click,2025-10-13 00:35:34.093000+00:00
58d68771-7196-4f8c-97e6-65dd11dc12f3,685c87a935410b6826587ad4,product_click,2025-10-13 01:06:48.153000+00:00
99787214-f51f-4af2-b158-c8aac325b3f9,687be014681d8584dde31d57,product_click,2025-10-13 01:08:57.280000+00:00
3ba62254-fbba-48ae-96ea-a7ec3aa50852,68e6e8db408c0c5a7533b37f,product_click,2025-10-13 02:53:50.775000+00:00
7ec5f2dd-1700-473b-9b41-46678db137a1,6704f85ad4a26ba45246fcd5,product_click,2025-10-13 03:33:47.746000+00:00
af96886a-73c4-41d6-afcd-3467963b3a20,6648467316f50168ab3d6e64,product_click,2025-10-13 04:26:07.086000+00:00
99787214-f51f-4af2-b158-c8aac325b3f9,68b8bcafa97aed5b979832c1,product_click,2025-10-13 04:27:19.503000+00:00
99787214-f51f-4af2-b158-c8aac325b3f9,67f3438ae52becc09d5fecb8,product_click,2025-10-13 04:28:40.784000+00:00
e936dae6-fb9f-4218-b217-57b049ef0596,68718076a5788bba6246ceee,product_click,2025-10-13 04:46:33.186000+00:00
e936dae6-fb9f-4218-b217-57b049ef0596,68bf45c0a97aed5b97ec17b0,product_click,2025-10-13 04:49:22.354000+00:00
e936dae6-fb9f-4218-b217-57b049ef0596,672e584e58d13f1a2981fac0,product_click,2025-10-13 04:51:34.891000+00:00
7501868f-e9f9-40f9-83e5-a4a677410cc0,6859fab535410b6826d84d94,product_click,2025-10-13 11:18:26.196000+00:00
41c7d600-fcad-487a-96d6-f949d0704744,67aa0f5db95336b784e02eb7,product_click,2025-10-13 11:46:18.953000+00:00
338daf45-4043-43bf-b344-ea64a77c9dfa,6621b566f2067226ce754ac6,product_click,2025-10-13 15:22:46.840000+00:00
338daf45-4043-43bf-b344-ea64a77c9dfa,681922bcde7b620e51b5a491,product_click,2025-10-13 15:26:29.082000+00:00
338daf45-4043-43bf-b344-ea64a77c9dfa,6838ce2c4ae7b17704cd4dc7,product_click,2025-10-13 15:31:24.951000+00:00
ec515bb6-9372-4e40-832b-355ac85e2f62,689bcffeea41f2c1389dafa9,buy_click,2025-10-13 15:43:54.529000+00:00
ec515bb6-9372-4e40-832b-355ac85e2f62,6863202435410b6826a25f3f,product_click,2025-10-13 15:47:19.968000+00:00
25b3d781-1c21-4d55-83aa-a6bd20426976,68523c6c35410b682650b3cf,product_click,2025-10-13 16:22:52.167000+00:00
823f2376-ada1-43e1-ba52-819ceaa2758b,68522aca35410b68264e2f8c,save,2025-10-13 16:40:55.545000+00:00
25b3d781-1c21-4d55-83aa-a6bd20426976,685f257935410b6826d7bd83,product_click,2025-10-13 16:45:26.528000+00:00
09ed21ab-3f12-4f9d-bd4c-a046c83f1c16,6621bf9af3d3c804c9d1efb6,product_click,2025-10-13 17:02:29.279000+00:00
3ba62254-fbba-48ae-96ea-a7ec3aa50852,68e6e8db408c0c5a7533b37f,product_click,2025-10-13 18:23:55.729000+00:00
3ba62254-fbba-48ae-96ea-a7ec3aa50852,68e6e8db408c0c5a7533b37f,buy_click,2025-10-13 18:27:56.603000+00:00
3ba62254-fbba-48ae-96ea-a7ec3aa50852,68477a45fa2061ee6048c728,product_click,2025-10-13 18:28:04.733000+00:00
3ba62254-fbba-48ae-96ea-a7ec3aa50852,68477a45fa2061ee6048c728,buy_click,2025-10-13 18:28:08.334000+00:00
f1ee63aa-7b5a-4d46-8936-9a6bbe97510f,688bef6627988a3a443f613c,product_click,2025-10-13 19:48:36.403000+00:00
f1ee63aa-7b5a-4d46-8936-9a6bbe97510f,688aa72727988a3a44f86f08,product_click,2025-10-13 19:48:40.240000+00:00
95d8890b-dde6-4908-abca-3af62cb432fe,68df01bdbbfb67359e2c33d3,product_click,2025-10-13 20:44:25.162000+00:00
95d8890b-dde6-4908-abca-3af62cb432fe,68df01bdbbfb67359e2c33d3,save,2025-10-13 20:44:28.751000+00:00
95d8890b-dde6-4908-abca-3af62cb432fe,68df0630bbfb67359e2e18bf,product_click,2025-10-13 20:45:37.521000+00:00
95d8890b-dde6-4908-abca-3af62cb432fe,68df0630bbfb67359e2e18bf,product_click,2025-10-13 20:46:04.343000+00:00
95d8890b-dde6-4908-abca-3af62cb432fe,68df0630bbfb67359e2e18bf,save,2025-10-13 20:46:05.978000+00:00
95d8890b-dde6-4908-abca-3af62cb432fe,68a655e1f4b7876be9e52018,product_click,2025-10-13 20:46:31.258000+00:00
95d8890b-dde6-4908-abca-3af62cb432fe,66c72acefdaf24f3bde520d2,product_click,2025-10-13 20:47:04.373000+00:00
95d8890b-dde6-4908-abca-3af62cb432fe,66f57afdf04792353f3a6553,product_click,2025-10-13 20:47:23.008000+00:00
f3c7f529-177c-4b86-a9b1-98062266d3a4,66a9f3512db8a68331f68d4b,product_click,2025-10-13 21:44:32.602000+00:00
f3c7f529-177c-4b86-a9b1-98062266d3a4,6855d8e435410b6826086495,product_click,2025-10-13 21:45:45.323000+00:00
4340a991-a96e-4724-93cf-698a79bcbc1f,676e1f9cb5466f0fa06686d2,product_click,2025-10-13 22:22:12.675000+00:00
687b4ca5-a99e-4615-9bc6-47b5235897c2,67648d0fb5466f0fa0a06989,save,2025-10-13 23:06:36.440000+00:00
21aec459-f778-4cf2-87ca-e98c5b149da8,66714d578111b80c321b4c56,product_click,2025-10-13 23:10:55.801000+00:00
21aec459-f778-4cf2-87ca-e98c5b149da8,672bc1657dda6f1df5da6f65,product_click,2025-10-13 23:11:16.163000+00:00
16e03bca-e743-457e-94a9-d75980c54e73,67050812d4a26ba45248b07f,product_click,2025-10-14 00:27:55.298000+00:00
17d27523-652c-4685-94d6-99b9cd700cf2,6621b97bf3d3c804c9d1ec61,product_click,2025-10-14 02:12:32.185000+00:00
6acd95ca-f099-436b-9306-8afe3c7aafa8,675a6858b5466f0fa0aefcf3,product_click,2025-10-14 02:23:31.282000+00:00
085dd1e4-0635-4a77-a256-d048930e200e,6753a2c7b5466f0fa07ddbe9,save,2025-10-14 04:11:50.103000+00:00
e9a86309-da68-45e1-bf02-e2553eb7f2f3,66484fad16f50168ab62d3d6,product_click,2025-10-14 06:19:56.789000+00:00
7e580a2d-983e-4321-b50b-599535a1bcf1,66a9e1fe2db8a68331abce2d,product_click,2025-10-14 07:07:38.104000+00:00
7e580a2d-983e-4321-b50b-599535a1bcf1,67057e4fd4a26ba4525719e9,product_click,2025-10-14 07:07:49.098000+00:00
7e580a2d-983e-4321-b50b-599535a1bcf1,672bc6af7dda6f1df5db1827,product_click,2025-10-14 07:08:04.260000+00:00
7e580a2d-983e-4321-b50b-599535a1bcf1,67102cd5b4067380d0890790,product_click,2025-10-14 07:08:25.640000+00:00
7e580a2d-983e-4321-b50b-599535a1bcf1,675ccd06b5466f0fa01ef359,product_click,2025-10-14 07:08:35.997000+00:00
7e580a2d-983e-4321-b50b-599535a1bcf1,66a9ebd82db8a68331d49179,product_click,2025-10-14 07:09:36.739000+00:00
7e580a2d-983e-4321-b50b-599535a1bcf1,671a7bc3b4067380d07f2f93,product_click,2025-10-14 07:09:51.917000+00:00
7e580a2d-983e-4321-b50b-599535a1bcf1,681146cd01e35ba72adb0f3d,product_click,2025-10-14 07:10:33.557000+00:00
7e580a2d-983e-4321-b50b-599535a1bcf1,6621cd6fe8bcdaefb994720e,product_click,2025-10-14 07:10:44.469000+00:00
7e580a2d-983e-4321-b50b-599535a1bcf1,66a9f63d2db8a68331021770,product_click,2025-10-14 07:14:20.035000+00:00
7e580a2d-983e-4321-b50b-599535a1bcf1,67048304d4a26ba452396849,product_click,2025-10-14 07:14:39.923000+00:00
85398af4-7c82-4f50-9d17-1eda38e7f309,68ed86ab889b11ffe62ae576,product_click,2025-10-14 08:12:52.214000+00:00
b98b9a65-3c21-482e-a1d6-f90ad19aa2a9,674ec193b5466f0fa08d5992,product_click,2025-10-14 09:03:27.621000+00:00
ef468f53-e178-4049-a5eb-1418e500837c,67057f37d4a26ba452573811,save,2025-10-14 09:39:55.610000+00:00
a7f9bd98-48b8-44f3-9c64-76dee1e2a025,66f34db10ea5be76228b986b,product_click,2025-10-14 12:23:32.477000+00:00
8d8b199d-3248-433d-aa82-c59df2356d65,66f57afdf04792353f3a6553,product_click,2025-10-14 12:49:46.453000+00:00
8d8b199d-3248-433d-aa82-c59df2356d65,67acbfdebb99c144328d1c07,product_click,2025-10-14 12:50:27.486000+00:00
8d8b199d-3248-433d-aa82-c59df2356d65,66f57afdf04792353f3a6553,product_click,2025-10-14 12:56:57.013000+00:00
8d8b199d-3248-433d-aa82-c59df2356d65,67acc63fbb99c144328e08c8,product_click,2025-10-14 12:57:00.829000+00:00
8d8b199d-3248-433d-aa82-c59df2356d65,689fad13ea41f2c1386fafe0,product_click,2025-10-14 12:57:10.200000+00:00
8d8b199d-3248-433d-aa82-c59df2356d65,66f5777bf04792353f39e40e,product_click,2025-10-14 12:58:49.095000+00:00
8d8b199d-3248-433d-aa82-c59df2356d65,6621bb5bf3d3c804c9d1ed66,product_click,2025-10-14 12:59:35.671000+00:00
8d8b199d-3248-433d-aa82-c59df2356d65,68def53dbbfb67359e27a6b9,product_click,2025-10-14 13:00:34.672000+00:00
8d8b199d-3248-433d-aa82-c59df2356d65,68522aca35410b68264e2f8c,product_click,2025-10-14 13:01:56.066000+00:00
84c94984-a83d-429b-90a0-b07ac6989deb,67054becd4a26ba452515d51,product_click,2025-10-14 13:40:10.961000+00:00
84c94984-a83d-429b-90a0-b07ac6989deb,67054a37d4a26ba452512edd,product_click,2025-10-14 13:40:52.738000+00:00
84c94984-a83d-429b-90a0-b07ac6989deb,676e04deb5466f0fa0632a35,product_click,2025-10-14 13:43:52.766000+00:00
84c94984-a83d-429b-90a0-b07ac6989deb,672e871258d13f1a2987cc5f,product_click,2025-10-14 13:44:26.383000+00:00
84c94984-a83d-429b-90a0-b07ac6989deb,6621cd64e8bcdaefb9947208,product_click,2025-10-14 13:44:40.660000+00:00
84c94984-a83d-429b-90a0-b07ac6989deb,6849f863d8383c34e05d7fa3,product_click,2025-10-14 13:45:12.847000+00:00
84c94984-a83d-429b-90a0-b07ac6989deb,6871930aa5788bba624edde3,product_click,2025-10-14 13:45:56.390000+00:00
84c94984-a83d-429b-90a0-b07ac6989deb,68719ebca5788bba62521046,product_click,2025-10-14 13:46:09.904000+00:00
84c94984-a83d-429b-90a0-b07ac6989deb,67cf7d865c6a6be6857e1dc2,product_click,2025-10-14 13:54:07.216000+00:00
84c94984-a83d-429b-90a0-b07ac6989deb,6737311a58d13f1a29f29936,product_click,2025-10-14 13:54:18.813000+00:00
84c94984-a83d-429b-90a0-b07ac6989deb,67057964d4a26ba4525690d3,product_click,2025-10-14 13:54:44.631000+00:00
84c94984-a83d-429b-90a0-b07ac6989deb,67c8d1655c6a6be68522ad8c,product_click,2025-10-14 13:55:46.777000+00:00
84c94984-a83d-429b-90a0-b07ac6989deb,685c803f35410b68265696a2,product_click,2025-10-14 13:56:16.057000+00:00
84c94984-a83d-429b-90a0-b07ac6989deb,68ace330a97aed5b970284d4,product_click,2025-10-14 14:05:44.489000+00:00
84c94984-a83d-429b-90a0-b07ac6989deb,6756c538b5466f0fa012e958,product_click,2025-10-14 14:09:47.370000+00:00
84c94984-a83d-429b-90a0-b07ac6989deb,684b58d3d8383c34e0a753ce,product_click,2025-10-14 14:12:31.924000+00:00
84c94984-a83d-429b-90a0-b07ac6989deb,667678f231072600d7d43602,product_click,2025-10-14 14:14:19.254000+00:00
84c94984-a83d-429b-90a0-b07ac6989deb,6802c33d01e35ba72ac78417,product_click,2025-10-14 14:14:46.182000+00:00
84c94984-a83d-429b-90a0-b07ac6989deb,6838d1e14ae7b17704ce27e3,product_click,2025-10-14 14:20:42.086000+00:00
84c94984-a83d-429b-90a0-b07ac6989deb,6895b88cb559e26af72e16d7,product_click,2025-10-14 14:20:47.827000+00:00
84c94984-a83d-429b-90a0-b07ac6989deb,6838d1e14ae7b17704ce27e3,product_click,2025-10-14 14:21:20.228000+00:00
84c94984-a83d-429b-90a0-b07ac6989deb,6895b88cb559e26af72e16d7,product_click,2025-10-14 14:21:23.072000+00:00
84c94984-a83d-429b-90a0-b07ac6989deb,687bd975681d8584dde23bf6,product_click,2025-10-14 14:23:51.662000+00:00
84c94984-a83d-429b-90a0-b07ac6989deb,67cb82815c6a6be685ad1de2,product_click,2025-10-14 14:24:13.945000+00:00
84c94984-a83d-429b-90a0-b07ac6989deb,68c3442ba97aed5b97c40171,product_click,2025-10-14 14:24:46.876000+00:00
84c94984-a83d-429b-90a0-b07ac6989deb,68522c1f35410b68264e60a9,product_click,2025-10-14 14:24:52.730000+00:00
84c94984-a83d-429b-90a0-b07ac6989deb,6704cd90d4a26ba4524236f4,product_click,2025-10-14 14:25:09.184000+00:00
84c94984-a83d-429b-90a0-b07ac6989deb,67cb9f2a5c6a6be685b3cb63,product_click,2025-10-14 14:25:27.427000+00:00
84c94984-a83d-429b-90a0-b07ac6989deb,67b91e2fbb99c144329f8229,product_click,2025-10-14 14:25:38.975000+00:00
84c94984-a83d-429b-90a0-b07ac6989deb,6621c17bf3d3c804c9d1f0ab,product_click,2025-10-14 14:26:06.059000+00:00
84c94984-a83d-429b-90a0-b07ac6989deb,6621c242f3d3c804c9d1f11a,product_click,2025-10-14 14:26:23.070000+00:00
84c94984-a83d-429b-90a0-b07ac6989deb,6686561d79523d82740f1607,product_click,2025-10-14 14:26:35.248000+00:00
84c94984-a83d-429b-90a0-b07ac6989deb,685c803f35410b68265696a2,product_click,2025-10-14 14:27:51.267000+00:00
84c94984-a83d-429b-90a0-b07ac6989deb,6893ebc0b559e26af7ced111,product_click,2025-10-14 14:28:03.563000+00:00
84c94984-a83d-429b-90a0-b07ac6989deb,68717bd8a5788bba624585d1,product_click,2025-10-14 14:28:28.725000+00:00
84c94984-a83d-429b-90a0-b07ac6989deb,679d46fcb95336b784b07dec,product_click,2025-10-14 14:29:19.844000+00:00
14fb3f20-3e26-44c9-959a-a42198187c43,6621c73be8bcdaefb9946e99,product_click,2025-10-14 14:41:32.047000+00:00
14fb3f20-3e26-44c9-959a-a42198187c43,672a81d17dda6f1df5a1cd32,product_click,2025-10-14 14:42:04.489000+00:00
84c94984-a83d-429b-90a0-b07ac6989deb,67373c4458d13f1a29f5661b,product_click,2025-10-14 14:51:47.694000+00:00
7ba286d2-b1de-4b88-ace0-79c970ed4e3e,67649a96b5466f0fa0a24d29,product_click,2025-10-14 15:16:55.894000+00:00
7ba286d2-b1de-4b88-ace0-79c970ed4e3e,66cc6f4a55c1cd232507b50d,product_click,2025-10-14 15:19:33.787000+00:00
7ba286d2-b1de-4b88-ace0-79c970ed4e3e,66cc6f4a55c1cd232507b50d,buy_click,2025-10-14 15:19:36.130000+00:00
9563ae84-05ae-4b52-843c-756a5d4e4e39,67acba92bb99c144328c5a53,product_click,2025-10-14 20:33:45.187000+00:00
9563ae84-05ae-4b52-843c-756a5d4e4e39,67acba92bb99c144328c5a53,product_click,2025-10-14 20:33:45.732000+00:00
9563ae84-05ae-4b52-843c-756a5d4e4e39,67228ffc7dda6f1df5388019,save,2025-10-14 21:30:32.443000+00:00
9563ae84-05ae-4b52-843c-756a5d4e4e39,66729dca41ed7275d94cea24,product_click,2025-10-14 21:32:34.705000+00:00
9563ae84-05ae-4b52-843c-756a5d4e4e39,68ed6a0e889b11ffe62019e5,save,2025-10-14 21:33:24.402000+00:00
9563ae84-05ae-4b52-843c-756a5d4e4e39,68ed6a0e889b11ffe62019e5,product_click,2025-10-14 21:37:07.089000+00:00
9563ae84-05ae-4b52-843c-756a5d4e4e39,67c549c85c6a6be68570fc98,product_click,2025-10-14 21:37:53.677000+00:00
7472a20a-c05b-4401-b2fa-82df14d2db7c,6737474358d13f1a29f6b571,product_click,2025-10-14 22:02:10.422000+00:00
be4d13cf-6582-4bb3-980f-2869e5c52dac,6855cf8635410b68260437a8,product_click,2025-10-14 22:05:12.849000+00:00
687b4ca5-a99e-4615-9bc6-47b5235897c2,6676787031072600d7d1fcfe,product_click,2025-10-14 23:36:50.966000+00:00
687b4ca5-a99e-4615-9bc6-47b5235897c2,67897e17eaac55079b7065ca,product_click,2025-10-14 23:42:46.587000+00:00
687b4ca5-a99e-4615-9bc6-47b5235897c2,67897e17eaac55079b7065ca,save,2025-10-14 23:42:58.819000+00:00
687b4ca5-a99e-4615-9bc6-47b5235897c2,687fb3a0681d8584dd886091,product_click,2025-10-14 23:44:50.479000+00:00
0cbf0f95-cc8f-4ae2-8030-0a86ed9cbfc7,68c9e68ce87295fba4b806e5,product_click,2025-10-15 00:26:01.852000+00:00
cc122290-2075-4db5-95d0-4a567411bfc3,689fb060ea41f2c13871fc54,product_click,2025-10-15 00:47:09.081000+00:00
cc122290-2075-4db5-95d0-4a567411bfc3,689fb060ea41f2c13871fc54,save,2025-10-15 00:47:29.547000+00:00
cc122290-2075-4db5-95d0-4a567411bfc3,68631b5e35410b6826a0c989,product_click,2025-10-15 00:49:08.872000+00:00
cc122290-2075-4db5-95d0-4a567411bfc3,68631b5e35410b6826a0c989,buy_click,2025-10-15 00:49:14.240000+00:00
74bf0ad3-5f36-4a55-8230-db9d9268e071,6704f968d4a26ba452471d59,product_click,2025-10-15 02:08:39.371000+00:00
74bf0ad3-5f36-4a55-8230-db9d9268e071,66b0857b1cf2893fbaa6b6df,product_click,2025-10-15 02:11:24.019000+00:00
74bf0ad3-5f36-4a55-8230-db9d9268e071,68b0e246a97aed5b97e4cda9,product_click,2025-10-15 02:13:13.049000+00:00
74bf0ad3-5f36-4a55-8230-db9d9268e071,68928991b559e26af780f281,product_click,2025-10-15 02:13:30.563000+00:00
74bf0ad3-5f36-4a55-8230-db9d9268e071,68377d2b4ae7b17704862189,product_click,2025-10-15 02:13:46.056000+00:00
74bf0ad3-5f36-4a55-8230-db9d9268e071,68377d2b4ae7b17704862189,product_click,2025-10-15 02:14:34.383000+00:00
74bf0ad3-5f36-4a55-8230-db9d9268e071,6621c831e8bcdaefb9946f24,product_click,2025-10-15 02:15:42.344000+00:00
74bf0ad3-5f36-4a55-8230-db9d9268e071,6621c831e8bcdaefb9946f24,product_click,2025-10-15 02:15:57.115000+00:00
74bf0ad3-5f36-4a55-8230-db9d9268e071,6621c831e8bcdaefb9946f24,save,2025-10-15 02:15:57.930000+00:00
74bf0ad3-5f36-4a55-8230-db9d9268e071,6621c831e8bcdaefb9946f24,save,2025-10-15 02:16:01.779000+00:00
74bf0ad3-5f36-4a55-8230-db9d9268e071,671a7f34b4067380d07fa1fd,product_click,2025-10-15 02:16:43.831000+00:00
74bf0ad3-5f36-4a55-8230-db9d9268e071,68d1b6b7bbfb67359e4be4ae,product_click,2025-10-15 02:17:31.245000+00:00
74bf0ad3-5f36-4a55-8230-db9d9268e071,68d1b6b7bbfb67359e4be4ae,buy_click,2025-10-15 02:17:51.203000+00:00
74bf0ad3-5f36-4a55-8230-db9d9268e071,68df01bdbbfb67359e2c33d3,product_click,2025-10-15 02:18:34.963000+00:00
74bf0ad3-5f36-4a55-8230-db9d9268e071,68df01bdbbfb67359e2c33d3,buy_click,2025-10-15 02:18:47.037000+00:00
74bf0ad3-5f36-4a55-8230-db9d9268e071,674e9b0db5466f0fa08250d5,product_click,2025-10-15 02:23:41.537000+00:00
74bf0ad3-5f36-4a55-8230-db9d9268e071,6704dab2d4a26ba45243b279,product_click,2025-10-15 02:24:38.887000+00:00
74bf0ad3-5f36-4a55-8230-db9d9268e071,6704dab2d4a26ba45243b279,save,2025-10-15 02:24:49.478000+00:00
74bf0ad3-5f36-4a55-8230-db9d9268e071,67cb9ff25c6a6be685b3e88c,product_click,2025-10-15 02:26:02.613000+00:00
74bf0ad3-5f36-4a55-8230-db9d9268e071,67cb9ff25c6a6be685b3e88c,save,2025-10-15 02:26:09.507000+00:00
a1b9fbdc-b386-4edf-96a8-04a66f8ee3f1,68533fbd35410b682688534b,product_click,2025-10-15 05:35:57.674000+00:00
be4d13cf-6582-4bb3-980f-2869e5c52dac,6621b485f2067226ce754a40,product_click,2025-10-15 12:21:58.013000+00:00
7321936b-a55f-46e9-b8ba-0c6c8b3d6e84,6852382c35410b6826502b4a,product_click,2025-10-15 12:50:33.677000+00:00
7321936b-a55f-46e9-b8ba-0c6c8b3d6e84,6852382c35410b6826502b4a,buy_click,2025-10-15 12:50:48.923000+00:00
d0985bbe-6a10-4000-ae41-1262d8306764,68cdd9403809f085bb325b87,product_click,2025-10-15 12:56:53.687000+00:00
d0985bbe-6a10-4000-ae41-1262d8306764,6705802ed4a26ba452575731,product_click,2025-10-15 12:57:33.841000+00:00
d0985bbe-6a10-4000-ae41-1262d8306764,68e0498ebbfb67359e75b4ee,product_click,2025-10-15 12:57:52.054000+00:00
d0985bbe-6a10-4000-ae41-1262d8306764,672bdaee7dda6f1df5dd99c1,product_click,2025-10-15 12:58:07.695000+00:00
d0985bbe-6a10-4000-ae41-1262d8306764,667a8e2631072600d747c1d1,product_click,2025-10-15 12:58:15.944000+00:00
d0985bbe-6a10-4000-ae41-1262d8306764,67660b03b5466f0fa0e6ce62,product_click,2025-10-15 12:58:37.065000+00:00
d0985bbe-6a10-4000-ae41-1262d8306764,674eabd3b5466f0fa0871087,product_click,2025-10-15 12:59:44.648000+00:00
d0985bbe-6a10-4000-ae41-1262d8306764,6621b90df3d3c804c9d1ec22,product_click,2025-10-15 13:00:48.289000+00:00
d0985bbe-6a10-4000-ae41-1262d8306764,673bab4758d13f1a29af47f9,product_click,2025-10-15 13:01:03.030000+00:00
d0985bbe-6a10-4000-ae41-1262d8306764,6672907541ed7275d909bcc4,product_click,2025-10-15 13:01:28.605000+00:00
7321936b-a55f-46e9-b8ba-0c6c8b3d6e84,67373f1558d13f1a29f5bbf2,product_click,2025-10-15 13:10:14.824000+00:00
d0985bbe-6a10-4000-ae41-1262d8306764,68e0498ebbfb67359e75b4ee,product_click,2025-10-15 13:17:36.786000+00:00
d0985bbe-6a10-4000-ae41-1262d8306764,67660b03b5466f0fa0e6ce62,product_click,2025-10-15 13:17:51.286000+00:00
d0985bbe-6a10-4000-ae41-1262d8306764,66b080d51cf2893fba8e55fb,product_click,2025-10-15 13:18:23.159000+00:00
d0985bbe-6a10-4000-ae41-1262d8306764,67c24aa55c6a6be685d55eb8,product_click,2025-10-15 13:20:19.841000+00:00
d0985bbe-6a10-4000-ae41-1262d8306764,6737527c58d13f1a29f80905,product_click,2025-10-15 13:20:42.846000+00:00
7321936b-a55f-46e9-b8ba-0c6c8b3d6e84,68e848af408c0c5a75825e5f,product_click,2025-10-15 14:14:14.818000+00:00
7321936b-a55f-46e9-b8ba-0c6c8b3d6e84,67461fdfb5466f0fa00f4444,product_click,2025-10-15 14:15:13.667000+00:00
7321936b-a55f-46e9-b8ba-0c6c8b3d6e84,6852382c35410b6826502b4a,save,2025-10-15 14:27:16.229000+00:00
7321936b-a55f-46e9-b8ba-0c6c8b3d6e84,6852382c35410b6826502b4a,save,2025-10-15 14:27:16.234000+00:00
e73e9a4a-ad48-4dfd-831b-9bc1947095c6,679d3b3db95336b784aee288,product_click,2025-10-15 15:12:37.551000+00:00
e73e9a4a-ad48-4dfd-831b-9bc1947095c6,687bd419681d8584dde0f788,product_click,2025-10-15 15:12:41.666000+00:00
e73e9a4a-ad48-4dfd-831b-9bc1947095c6,68c0b776a97aed5b973dc1ec,product_click,2025-10-15 15:12:44.694000+00:00
e73e9a4a-ad48-4dfd-831b-9bc1947095c6,67182580b4067380d00ddfec,product_click,2025-10-15 15:12:47.432000+00:00
e73e9a4a-ad48-4dfd-831b-9bc1947095c6,6672b58b41ed7275d9cbc9f1,product_click,2025-10-15 15:12:48.886000+00:00
3c374015-b2bd-40c2-9dc0-460092946770,68bf4b6ea97aed5b97ed857d,save,2025-10-15 16:19:21.249000+00:00
3c374015-b2bd-40c2-9dc0-460092946770,68bf4b6ea97aed5b97ed857d,save,2025-10-15 16:19:32.144000+00:00
3c374015-b2bd-40c2-9dc0-460092946770,68bf4b6ea97aed5b97ed857d,product_click,2025-10-15 16:19:39.069000+00:00
3c374015-b2bd-40c2-9dc0-460092946770,6855c9a535410b682602eb11,save,2025-10-15 16:21:05.756000+00:00
3c374015-b2bd-40c2-9dc0-460092946770,6855c9a535410b682602eb11,save,2025-10-15 16:21:08.903000+00:00
3c374015-b2bd-40c2-9dc0-460092946770,68757a5ba5788bba620cfbc2,save,2025-10-15 16:23:31.407000+00:00
3c374015-b2bd-40c2-9dc0-460092946770,68757a5ba5788bba620cfbc2,save,2025-10-15 16:23:34.603000+00:00
3c374015-b2bd-40c2-9dc0-460092946770,6775e076b5466f0fa0efe9cd,save,2025-10-15 16:26:15.300000+00:00
3c374015-b2bd-40c2-9dc0-460092946770,6775e076b5466f0fa0efe9cd,save,2025-10-15 16:26:18.501000+00:00
3c374015-b2bd-40c2-9dc0-460092946770,687be534681d8584dde42096,save,2025-10-15 16:26:52.876000+00:00
3c374015-b2bd-40c2-9dc0-460092946770,687be534681d8584dde42096,save,2025-10-15 16:26:57.287000+00:00
3c374015-b2bd-40c2-9dc0-460092946770,66850b5e562c84fac9d57c33,save,2025-10-15 16:27:05.165000+00:00
3c374015-b2bd-40c2-9dc0-460092946770,66850b5e562c84fac9d57c33,save,2025-10-15 16:27:09.365000+00:00
3c374015-b2bd-40c2-9dc0-460092946770,6852312935410b68264f1704,save,2025-10-15 16:28:21.982000+00:00
3c374015-b2bd-40c2-9dc0-460092946770,6852312935410b68264f1704,save,2025-10-15 16:28:24.875000+00:00
3c374015-b2bd-40c2-9dc0-460092946770,6881a092681d8584dde980dd,product_click,2025-10-15 16:30:29.973000+00:00
3c374015-b2bd-40c2-9dc0-460092946770,6859fa0535410b6826d834f9,product_click,2025-10-15 16:30:57.119000+00:00
3c374015-b2bd-40c2-9dc0-460092946770,68df04debbfb67359e2db943,product_click,2025-10-15 16:31:57.041000+00:00
3c374015-b2bd-40c2-9dc0-460092946770,67cb893e5c6a6be685af6942,save,2025-10-15 16:32:48.627000+00:00
3c374015-b2bd-40c2-9dc0-460092946770,67cb893e5c6a6be685af6942,save,2025-10-15 16:32:51.866000+00:00
3c374015-b2bd-40c2-9dc0-460092946770,681d2857de7b620e51a29205,product_click,2025-10-15 16:33:20.341000+00:00
3c374015-b2bd-40c2-9dc0-460092946770,681d2857de7b620e51a29205,save,2025-10-15 16:33:36.126000+00:00
3c374015-b2bd-40c2-9dc0-460092946770,681d2857de7b620e51a29205,save,2025-10-15 16:33:38.677000+00:00
3c374015-b2bd-40c2-9dc0-460092946770,6889473d27988a3a44aa1d69,save,2025-10-15 16:33:50.196000+00:00
3c374015-b2bd-40c2-9dc0-460092946770,6889473d27988a3a44aa1d69,save,2025-10-15 16:33:53.888000+00:00
3c374015-b2bd-40c2-9dc0-460092946770,6751880db5466f0fa018f6a7,save,2025-10-15 16:35:44.469000+00:00
3c374015-b2bd-40c2-9dc0-460092946770,6751880db5466f0fa018f6a7,save,2025-10-15 16:35:49.413000+00:00
3c374015-b2bd-40c2-9dc0-460092946770,68bf4b6ea97aed5b97ed857d,product_click,2025-10-15 16:38:53.770000+00:00
3c374015-b2bd-40c2-9dc0-460092946770,66850b5e562c84fac9d57c33,product_click,2025-10-15 16:43:54.615000+00:00
3c374015-b2bd-40c2-9dc0-460092946770,6751880db5466f0fa018f6a7,product_click,2025-10-15 16:57:21.205000+00:00
3c374015-b2bd-40c2-9dc0-460092946770,6852312935410b68264f1704,product_click,2025-10-15 17:05:19.729000+00:00
3c374015-b2bd-40c2-9dc0-460092946770,681d2857de7b620e51a29205,product_click,2025-10-15 17:09:14.596000+00:00
7e6faa7a-b982-43f8-a38d-aaa5a8d0ae8a,66f5777bf04792353f39e40e,product_click,2025-10-15 18:23:38.140000+00:00
4f7f38c8-79e4-4c12-bf39-a9096745c70e,68548cd535410b6826c8836e,product_click,2025-10-15 18:33:02.056000+00:00
4f7f38c8-79e4-4c12-bf39-a9096745c70e,68548cd535410b6826c8836e,buy_click,2025-10-15 18:33:03.737000+00:00
7e6faa7a-b982-43f8-a38d-aaa5a8d0ae8a,6855c94435410b682602de39,product_click,2025-10-15 18:36:01.690000+00:00
120863fa-0179-4a60-b037-557adc743fd5,67c232695c6a6be685cba04a,save,2025-10-15 18:46:41.607000+00:00
120863fa-0179-4a60-b037-557adc743fd5,681bc1cfde7b620e514cb4ab,save,2025-10-15 18:48:05.452000+00:00
120863fa-0179-4a60-b037-557adc743fd5,6621b668f2067226ce754b60,save,2025-10-15 18:49:18.697000+00:00
120863fa-0179-4a60-b037-557adc743fd5,67c8e3295c6a6be685287867,save,2025-10-15 18:55:45.491000+00:00
120863fa-0179-4a60-b037-557adc743fd5,66fab9f7f04792353f160920,save,2025-10-15 18:59:35.235000+00:00
120863fa-0179-4a60-b037-557adc743fd5,66fab9f7f04792353f160920,product_click,2025-10-15 18:59:37.874000+00:00
120863fa-0179-4a60-b037-557adc743fd5,67c8e3295c6a6be685287867,product_click,2025-10-15 19:00:18.578000+00:00
120863fa-0179-4a60-b037-557adc743fd5,68757cbaa5788bba620e76f4,product_click,2025-10-15 19:07:33.298000+00:00
120863fa-0179-4a60-b037-557adc743fd5,67cf70fa5c6a6be68578e17a,product_click,2025-10-15 19:08:10.134000+00:00
120863fa-0179-4a60-b037-557adc743fd5,6621b668f2067226ce754b60,product_click,2025-10-15 19:08:31.862000+00:00
120863fa-0179-4a60-b037-557adc743fd5,6621b668f2067226ce754b60,product_click,2025-10-15 19:09:04.376000+00:00
120863fa-0179-4a60-b037-557adc743fd5,6621b668f2067226ce754b60,buy_click,2025-10-15 19:09:45.800000+00:00
7321936b-a55f-46e9-b8ba-0c6c8b3d6e84,6852382c35410b6826502b4a,product_click,2025-10-15 19:56:19.220000+00:00
7321936b-a55f-46e9-b8ba-0c6c8b3d6e84,6852382c35410b6826502b4a,buy_click,2025-10-15 19:56:22.244000+00:00
7321936b-a55f-46e9-b8ba-0c6c8b3d6e84,68e848af408c0c5a75825e5f,save,2025-10-15 19:59:31.591000+00:00
7321936b-a55f-46e9-b8ba-0c6c8b3d6e84,678fee3beaac55079bb04125,product_click,2025-10-15 20:00:49.836000+00:00
466a8ed0-55c4-4d92-b4f4-b2e404ed4e60,68265760de7b620e51c28005,product_click,2025-10-15 20:15:20.508000+00:00
03a66f7d-22ea-4f49-9f5d-f46c57c0f58c,6704acf4d4a26ba4523e7cf5,product_click,2025-10-15 20:20:35.439000+00:00
466a8ed0-55c4-4d92-b4f4-b2e404ed4e60,67228e8f7dda6f1df5385049,product_click,2025-10-15 20:20:41.821000+00:00
03a66f7d-22ea-4f49-9f5d-f46c57c0f58c,68522be935410b68264e5943,product_click,2025-10-15 20:20:44.379000+00:00
03a66f7d-22ea-4f49-9f5d-f46c57c0f58c,676103b7b5466f0fa0f97d9b,product_click,2025-10-15 20:21:29.558000+00:00
03a66f7d-22ea-4f49-9f5d-f46c57c0f58c,679941b0ea6f524a8034d471,product_click,2025-10-15 20:21:54.988000+00:00
50878b73-4151-4608-89a9-539c825fe95d,68bf42caa97aed5b97eb901e,product_click,2025-10-15 20:29:24.284000+00:00
89c4898a-e31a-4ad3-bcf5-58ca64efa8fa,66a9ea592db8a68331ce6ce2,product_click,2025-10-15 21:55:00.416000+00:00
e6a151c2-d3c5-4519-9244-d4e1b7fb12e3,6621c2e6f3d3c804c9d1f174,product_click,2025-10-15 23:36:30.900000+00:00
aa5065a8-ce03-445a-8930-fc30eaee9186,66fc1568f04792353f4fc882,product_click,2025-10-16 01:26:02.885000+00:00
aa5065a8-ce03-445a-8930-fc30eaee9186,67c77d585c6a6be685dffafd,product_click,2025-10-16 01:26:28.624000+00:00
aa5065a8-ce03-445a-8930-fc30eaee9186,67ed3354e52becc09d1a9c39,product_click,2025-10-16 01:26:37.876000+00:00
aa5065a8-ce03-445a-8930-fc30eaee9186,679d3dbab95336b784af39d8,product_click,2025-10-16 01:27:16.068000+00:00
aa5065a8-ce03-445a-8930-fc30eaee9186,679d3dbab95336b784af39d8,save,2025-10-16 01:28:18.380000+00:00
120863fa-0179-4a60-b037-557adc743fd5,6621b668f2067226ce754b60,product_click,2025-10-16 01:39:36.802000+00:00
120863fa-0179-4a60-b037-557adc743fd5,6621b668f2067226ce754b60,product_click,2025-10-16 01:40:56.948000+00:00
aa5065a8-ce03-445a-8930-fc30eaee9186,67ed3354e52becc09d1a9c39,product_click,2025-10-16 01:59:08.469000+00:00
aa5065a8-ce03-445a-8930-fc30eaee9186,6717fa4db4067380d007bd45,product_click,2025-10-16 02:00:10.433000+00:00
aa5065a8-ce03-445a-8930-fc30eaee9186,67ed3354e52becc09d1a9c39,product_click,2025-10-16 02:04:25.708000+00:00
aa5065a8-ce03-445a-8930-fc30eaee9186,6737564458d13f1a29f87aee,product_click,2025-10-16 02:08:40.140000+00:00
aa5065a8-ce03-445a-8930-fc30eaee9186,6737564458d13f1a29f87aee,buy_click,2025-10-16 02:09:03.448000+00:00
aa5065a8-ce03-445a-8930-fc30eaee9186,679d3dbab95336b784af39d8,buy_click,2025-10-16 02:13:44.228000+00:00
97cad9e0-6dc2-44cd-ad21-7458a0d3778a,66850416562c84fac9b5c2ae,product_click,2025-10-16 02:43:34.887000+00:00
97cad9e0-6dc2-44cd-ad21-7458a0d3778a,66850416562c84fac9b5c2ae,save,2025-10-16 02:43:41.844000+00:00
97cad9e0-6dc2-44cd-ad21-7458a0d3778a,67057fccd4a26ba452574ae0,save,2025-10-16 02:43:49.757000+00:00
97cad9e0-6dc2-44cd-ad21-7458a0d3778a,670541cad4a26ba4524f0738,save,2025-10-16 02:44:30.910000+00:00
97cad9e0-6dc2-44cd-ad21-7458a0d3778a,6737323b58d13f1a29f2bab6,save,2025-10-16 02:44:35.193000+00:00
97cad9e0-6dc2-44cd-ad21-7458a0d3778a,6621be25f3d3c804c9d1eeec,save,2025-10-16 02:45:33.709000+00:00
97cad9e0-6dc2-44cd-ad21-7458a0d3778a,6853418c35410b682688f17c,save,2025-10-16 02:45:39.972000+00:00
97cad9e0-6dc2-44cd-ad21-7458a0d3778a,66eac42c0ea5be7622003cb8,save,2025-10-16 02:45:46.297000+00:00
97cad9e0-6dc2-44cd-ad21-7458a0d3778a,687be7ee681d8584dde47c7e,save,2025-10-16 02:45:55.292000+00:00
97cad9e0-6dc2-44cd-ad21-7458a0d3778a,68ddb7d4bbfb67359ee31a8d,save,2025-10-16 02:46:15.205000+00:00
97cad9e0-6dc2-44cd-ad21-7458a0d3778a,67057e37d4a26ba45257176b,save,2025-10-16 02:47:21.638000+00:00
97cad9e0-6dc2-44cd-ad21-7458a0d3778a,6704a904d4a26ba4523dd499,product_click,2025-10-16 02:48:00.916000+00:00
b392029a-349f-42c3-acf6-43bff5ee2886,67723195b5466f0fa0368b92,product_click,2025-10-16 03:26:22.588000+00:00
35cb2c13-e008-4bf3-8cb1-330125f2bd5c,6704d03fd4a26ba45242825b,product_click,2025-10-16 05:29:53.690000+00:00
21eacbc6-a52b-4a69-bcdd-fe536f7c8134,672e584e58d13f1a2981fac0,product_click,2025-10-16 07:47:07.518000+00:00
0aab2a53-2317-4121-aa03-cd99d1afff03,672e584e58d13f1a2981fac0,buy_click,2025-10-16 07:48:48.769000+00:00
35884da7-d5c5-427f-a84a-5ce2f98bbcda,687f942a681d8584dd844c75,product_click,2025-10-16 13:22:54.023000+00:00
97cad9e0-6dc2-44cd-ad21-7458a0d3778a,670541cad4a26ba4524f0738,product_click,2025-10-16 14:22:55.744000+00:00
f97be6ac-232b-4d5c-8cb8-7f86d7bf36a6,681291fa01e35ba72a25b269,product_click,2025-10-16 15:35:34.468000+00:00
f97be6ac-232b-4d5c-8cb8-7f86d7bf36a6,6852312935410b68264f1704,product_click,2025-10-16 15:36:09.514000+00:00
3c374015-b2bd-40c2-9dc0-460092946770,6751880db5466f0fa018f6a7,product_click,2025-10-16 15:46:34.319000+00:00
3c374015-b2bd-40c2-9dc0-460092946770,68bf4b6ea97aed5b97ed857d,product_click,2025-10-16 15:50:47.230000+00:00
3c374015-b2bd-40c2-9dc0-460092946770,66850b5e562c84fac9d57c33,product_click,2025-10-16 15:53:42.401000+00:00
3c374015-b2bd-40c2-9dc0-460092946770,6852312935410b68264f1704,product_click,2025-10-16 15:56:59.371000+00:00
3c374015-b2bd-40c2-9dc0-460092946770,681d2857de7b620e51a29205,product_click,2025-10-16 15:57:11.616000+00:00
f97be6ac-232b-4d5c-8cb8-7f86d7bf36a6,68d31cb9bbfb67359e9c63ec,product_click,2025-10-16 18:28:36.223000+00:00
97cad9e0-6dc2-44cd-ad21-7458a0d3778a,68cb2561e87295fba4fb0237,product_click,2025-10-16 19:22:27.487000+00:00
94a64148-7081-474a-ba37-fc0f5ac5a1bb,670826f6b4067380d032f2ed,product_click,2025-10-16 20:21:26.516000+00:00
687b4ca5-a99e-4615-9bc6-47b5235897c2,67cf932a5c6a6be68583de46,product_click,2025-10-16 20:44:44.957000+00:00
687b4ca5-a99e-4615-9bc6-47b5235897c2,6855cb4835410b682603225a,product_click,2025-10-16 20:46:04.289000+00:00
687b4ca5-a99e-4615-9bc6-47b5235897c2,6855cb4835410b682603225a,save,2025-10-16 20:46:30.443000+00:00
687b4ca5-a99e-4615-9bc6-47b5235897c2,66f6e6e8f04792353f6f6e57,product_click,2025-10-16 20:46:53.693000+00:00
687b4ca5-a99e-4615-9bc6-47b5235897c2,6809531301e35ba72a2b4284,product_click,2025-10-16 20:47:24.137000+00:00
687b4ca5-a99e-4615-9bc6-47b5235897c2,6698cfd52db8a68331a59ae9,product_click,2025-10-16 20:48:02.099000+00:00
a04dfb5a-7899-433b-bd9a-a93491852bda,66a9f6422db8a683310229df,product_click,2025-10-16 20:52:01.925000+00:00
a04dfb5a-7899-433b-bd9a-a93491852bda,67ed3354e52becc09d1a9c39,product_click,2025-10-16 20:52:22.675000+00:00
a5b68be6-7a25-4db0-a937-c5ad8542ed22,67649973b5466f0fa0a223de,save,2025-10-16 21:10:06.246000+00:00
01899331-38b2-4d3e-9641-c547d202ba0f,681e7988de7b620e5103a2a3,product_click,2025-10-16 22:52:01.677000+00:00
01899331-38b2-4d3e-9641-c547d202ba0f,689286aeb559e26af77f055b,product_click,2025-10-16 22:53:07.012000+00:00
3c374015-b2bd-40c2-9dc0-460092946770,670495abd4a26ba4523bbc49,save,2025-10-16 22:54:34.268000+00:00
3c374015-b2bd-40c2-9dc0-460092946770,670495abd4a26ba4523bbc49,save,2025-10-16 22:54:58.399000+00:00
3c374015-b2bd-40c2-9dc0-460092946770,68265c4bde7b620e51c3ca6e,save,2025-10-16 23:00:16.681000+00:00
3c374015-b2bd-40c2-9dc0-460092946770,68265c4bde7b620e51c3ca6e,save,2025-10-16 23:00:19.639000+00:00
3c374015-b2bd-40c2-9dc0-460092946770,68acdccfa97aed5b97ff6cd8,save,2025-10-16 23:00:55.693000+00:00
3c374015-b2bd-40c2-9dc0-460092946770,68acdccfa97aed5b97ff6cd8,save,2025-10-16 23:00:58.545000+00:00
